場所,R,馬番,馬名,調教師名,調教師利益度_1,調教師利益度_2,調教師利益度_3,調教師利益度_4,調教師利益度_5,調教師利益度_6,調教師利益度_7,調教師利益度_8,調教師利益度,調教師利益度順位
東京,1,1,ピーエムキンチャン,和田正一,488.0,903.0,156.0,1160,616,-32.0,286.0,,3577.0,2.0
東京,1,2,トヨサカエ,高橋文雅,-584.0,-1719.0,-892.0,-1222,-215,-977.0,,,-5609.0,13.0
東京,1,3,ガーディアンスター,武藤善則,-532.0,1210.0,-130.0,707,515,-655.0,,,1115.0,4.0
東京,1,4,プレシャスノワール,村田一誠,-681.0,-2408.0,-2025.0,-1170,-2333,-1744.0,,,-10361.0,14.0
東京,1,5,ドロボーネコ,武井亮　,226.0,530.0,1067.0,465,451,-25.0,40.0,,2754.0,3.0
東京,1,6,ニシノトマラナイ,矢野英一,-400.0,-133.0,-1144.0,-328,-1175,-1074.0,-274.0,,-4528.0,10.0
東京,1,7,ラインジーク,水野貴広,-1198.0,289.0,1297.0,22,-814,-730.0,,,-1134.0,6.0
東京,1,8,ジーティーニッツァ,伊藤伸一,-2563.0,-3515.0,-2874.0,-2722,-3273,-2665.0,,,-17612.0,16.0
東京,1,9,シルバークラフト,牧光二　,-1127.0,-560.0,-886.0,-675,-1018,-1097.0,,,-5363.0,12.0
東京,1,10,ユイノカタリベ,竹内正洋,1277.0,1074.0,451.0,134,1769,900.0,-152.0,,5453.0,1.0
東京,1,11,ハリエンジュ,小手川準,-201.0,-386.0,-155.0,-359,-243,628.0,,,-716.0,5.0
東京,1,12,シュヴァルツシルト,田島俊明,-273.0,-1166.0,409.0,-351,-504,-479.0,,,-2364.0,7.0
東京,1,13,フェスティヴニーサ,奥平雅士,-1176.0,-340.0,-572.0,-314,-1258,-989.0,,,-4649.0,11.0
東京,1,14,ジャックナダル,伊坂重信,180.0,-496.0,-845.0,-1049,-870,374.0,,,-2706.0,8.0
東京,1,15,マイネルテオドロス,菊川正達,-964.0,-578.0,132.0,-1016,-290,-634.0,,,-3350.0,9.0
東京,1,16,メイポール,南田美知,-1623.0,-1286.0,-2860.0,-1321,-2414,-2152.0,,,-11656.0,15.0
東京,2,1,アイムスティルミー,手塚貴久,448.0,556.0,-1004.0,-20,-312,53.0,,,-279.0,7.0
東京,2,2,ホウオウモチーヴ,矢作芳人,-264.0,-1158.0,-34.0,-1800,-1455,-531.0,,,-5242.0,12.0
東京,2,3,ゴールドエンバー,竹内正洋,1277.0,1074.0,451.0,134,-388,900.0,,,3448.0,1.0
東京,2,4,ハルノアメ,上原博之,-55.0,191.0,254.0,541,332,-377.0,,,886.0,3.0
東京,2,5,バトルモクオ,戸田博文,-472.0,844.0,-510.0,355,-927,-425.0,,,-1135.0,9.0
東京,2,6,クリュメノス,小西一男,10.0,-1078.0,-608.0,333,-474,-513.0,,,-2330.0,10.0
東京,2,7,ダンシングアウェイ,相沢郁　,-1928.0,-947.0,-696.0,-1752,-1087,-2153.0,-543.0,,-9106.0,13.0
東京,2,8,ケンブリッジ,水野貴広,-1198.0,289.0,1297.0,22,468,-730.0,,,148.0,5.0
東京,2,9,グランドスウェル,畠山吉宏,-1391.0,160.0,1497.0,49,641,-1266.0,,,-310.0,8.0
東京,2,10,エクセルクラウン,菊沢隆徳,389.0,-11.0,-166.0,-123,-791,449.0,,,-253.0,6.0
東京,2,11,マイネルアイフェル,上原博之,-55.0,191.0,254.0,541,332,-377.0,,,886.0,3.0
東京,2,12,コパノエイダン,上原博之,-55.0,191.0,254.0,541,332,-377.0,296.0,,1182.0,2.0
東京,2,13,ツインドライヴ,新開幸一,-123.0,-616.0,-716.0,-1036,-1020,-737.0,,,-4248.0,11.0
東京,3,1,ニットウライズ,高橋文雅,-584.0,168.0,-892.0,-1222,-215,-977.0,,,-3722.0,10.0
東京,3,2,モンスターラッシュ,高木登　,1617.0,-230.0,1231.0,841,1634,1883.0,,,6976.0,1.0
東京,3,3,ハイバーニアン,高橋文雅,-584.0,168.0,-892.0,-1222,-215,-977.0,,,-3722.0,10.0
東京,3,4,ルミナスレイナ,菊沢隆徳,389.0,-60.0,-166.0,-123,949,449.0,,,1438.0,6.0
東京,3,5,コウユーダイダイ,辻哲英　,1143.0,340.0,365.0,429,-21,1364.0,,,3620.0,3.0
東京,3,6,タマモブレイキン,伊藤圭三,700.0,-138.0,995.0,471,133,769.0,,,2930.0,4.0
東京,3,7,ウェイヴメカニクス,萩原清　,48.0,-95.0,257.0,381,-617,-289.0,,,-315.0,7.0
東京,3,8,タイセイジェイド,矢作芳人,-264.0,-55.0,-34.0,-1800,-279,-531.0,,,-2963.0,9.0
東京,3,9,ハスカップジャム,中舘英二,-1051.0,-89.0,-752.0,-2147,-1055,-1288.0,,,-6382.0,16.0
東京,3,10,モルペウステソーロ,高橋文雅,-584.0,168.0,-892.0,-1222,-215,-977.0,,,-3722.0,10.0
東京,3,11,ティアップシャイン,奥平雅士,-1176.0,72.0,-572.0,-314,-1258,-989.0,,,-4237.0,14.0
東京,3,12,エタンセル,高木登　,1617.0,-230.0,1231.0,841,1634,1883.0,,,6976.0,1.0
東京,3,13,プレースメント,蛯名正義,508.0,849.0,-301.0,-136,460,101.0,,,1481.0,5.0
東京,3,14,バターショコラ,戸田博文,-472.0,-4.0,-510.0,355,139,-425.0,,,-917.0,8.0
東京,3,15,エトワールフィーユ,西田雄一,-905.0,-79.0,-16.0,-1365,-336,-1561.0,,,-4262.0,15.0
東京,3,16,トレンドラド,伊藤大士,-845.0,-760.0,-1441.0,116,-869,-425.0,,,-4224.0,13.0
東京,4,1,ガンダ,斎藤誠　,-320.0,-206.0,320.0,50,1257,-969.0,,,132.0,6.0
東京,4,2,ストロングエース,相沢郁　,-1928.0,-755.0,-696.0,-1752,-1082,-2153.0,,,-8366.0,13.0
東京,4,3,ロンギングフォユー,大竹正博,-320.0,-1197.0,-400.0,51,-821,-847.0,,,-3534.0,11.0
東京,4,4,ユアフェリシティ,千葉直人,1762.0,-844.0,868.0,2154,2250,2297.0,,,8487.0,1.0
東京,4,5,トーアエレクトラム,小島茂之,390.0,500.0,333.0,435,693,-126.0,,,2225.0,5.0
東京,4,6,マイネルミラケル,畠山吉宏,-1391.0,-46.0,1497.0,49,-42,-1266.0,,,-1199.0,7.0
東京,4,7,レイオブファイア,加藤士津,820.0,566.0,1667.0,-691,336,726.0,-456.0,,2968.0,3.0
東京,4,8,リアライズブラーヴ,杉山晴紀,74.0,127.0,735.0,760,679,111.0,,,2486.0,4.0
東京,4,9,サンダーヴィント,高木登　,1617.0,244.0,1231.0,841,1634,1883.0,153.0,,7603.0,2.0
東京,4,10,バトゥカーダ,安達昭夫,-40.0,527.0,504.0,-1316,-378,-938.0,,,-1641.0,8.0
東京,4,11,ラフレードピエル,萱野浩二,-645.0,-821.0,-114.0,-704,-395,-487.0,82.0,,-3084.0,10.0
東京,4,12,ショウナンパトス,中舘英二,-1051.0,-303.0,-752.0,-2147,-1055,-1288.0,,,-6596.0,12.0
東京,4,13,ザーフィル,林徹　　,-233.0,-469.0,-466.0,332,-1033,-389.0,,,-2258.0,9.0
東京,5,1,ダノンオンザビート,堀宣行　,549.0,171.0,367.0,-240,-480,760.0,,,1127.0,4.0
東京,5,2,ピッタンヌンムル,伊藤大士,-845.0,-337.0,-253.0,116,-835,-425.0,,,-2579.0,11.0
東京,5,3,コスモアマデウス,畠山吉宏,-1391.0,160.0,-894.0,49,641,-1266.0,468.0,,-2233.0,10.0
東京,5,4,ブリリアンス,大和田成,1247.0,706.0,-11.0,230,-1868,1660.0,,,1964.0,2.0
東京,5,5,アルカマル,青木孝文,-1011.0,100.0,1189.0,214,-54,-251.0,,,187.0,5.0
東京,5,6,カンティーナ,堀内岳志,-467.0,624.0,350.0,-577,-761,-219.0,905.0,,-145.0,7.0
東京,5,7,ヴォンサクレ,勢司和浩,-2402.0,-1930.0,-1533.0,-1853,-1079,-2193.0,-1733.0,,-12723.0,16.0
東京,5,8,アエログラム,菊沢隆徳,389.0,-11.0,218.0,-123,-791,449.0,,,131.0,6.0
東京,5,9,ララニューディー,大竹正博,-320.0,695.0,-427.0,51,-181,-847.0,,,-1029.0,9.0
東京,5,10,ヤマメホープ,久保田貴,508.0,-478.0,-533.0,-465,85,632.0,,,-251.0,8.0
東京,5,11,タイキアロハ,西田雄一,-905.0,10.0,-1907.0,-1365,-953,-1561.0,,,-6681.0,14.0
東京,5,12,デイズインザサン,小野次郎,-1028.0,29.0,1649.0,1331,939,-342.0,,,2578.0,1.0
東京,5,13,マッキュラシオン,武市康男,-599.0,-1958.0,555.0,-1117,-1384,-922.0,,,-5425.0,13.0
東京,5,14,ナックホワイト,杉浦宏昭,126.0,815.0,783.0,108,252,-613.0,,,1471.0,3.0
東京,5,15,サムシングスイート,伊藤大士,-845.0,-337.0,-253.0,116,-835,-425.0,,,-2579.0,11.0
東京,5,16,エコロゼット,岩戸孝樹,-912.0,-1613.0,-2313.0,-1147,-1309,-834.0,,,-8128.0,15.0
東京,6,1,キョウエイグッド,千葉直人,1762.0,-844.0,1528.0,-26,156,2297.0,-121.0,,4752.0,1.0
東京,6,2,キロノヴァ,萩原清　,48.0,-137.0,-558.0,-375,326,-289.0,-344.0,,-1329.0,6.0
東京,6,3,ティムール,中竹和也,453.0,1033.0,1129.0,-131,-24,480.0,,,2940.0,2.0
東京,6,4,ノラリクラリ,藤岡健一,179.0,-139.0,-541.0,-131,-25,179.0,,,-478.0,5.0
東京,6,5,ヴィジョンメーカー,林徹　　,-233.0,-469.0,-222.0,-402,174,-389.0,-617.0,,-2158.0,7.0
東京,6,6,シマサンブラック,蛯名正義,508.0,-716.0,1251.0,-110,-183,101.0,-159.0,,692.0,4.0
東京,6,7,オメガストリーム,土田稔　,-1720.0,-573.0,-1620.0,210,-877,-2267.0,,,-6847.0,13.0
東京,6,8,クラッチプレイヤー,国枝栄　,-77.0,-73.0,-1116.0,-654,-417,-1236.0,,,-3573.0,9.0
東京,6,9,グランツローゼ,和田雄二,-1847.0,-2566.0,-849.0,-674,49,-2384.0,,,-8271.0,14.0
東京,6,10,コンサートマスター,黒岩陽一,942.0,478.0,525.0,489,9,555.0,-725.0,,2273.0,3.0
東京,6,11,マーゴットソラーレ,伊坂重信,180.0,-1926.0,-1402.0,-368,-327,374.0,-649.0,,-4118.0,12.0
東京,6,12,フォーグッド,国枝栄　,-77.0,-73.0,-1116.0,-654,-417,-1236.0,-544.0,,-4117.0,11.0
東京,6,13,トラストボス,高橋文雅,-584.0,-334.0,-882.0,-821,-187,-977.0,-168.0,,-3953.0,10.0
東京,6,14,ペネトレイトゴー,戸田博文,-472.0,-1419.0,-83.0,-1507,115,-425.0,348.0,,-3443.0,8.0
東京,7,1,ポッドベル,和田勇介,3.0,-451.0,-208.0,-797,-561,85.0,426.0,,-1503.0,10.0
東京,7,2,ダイユウハミルトン,松永康利,-459.0,647.0,-45.0,344,-557,-418.0,-342.0,,-830.0,8.0
東京,7,3,リプレゼント,高柳瑞樹,-589.0,-1777.0,-865.0,-434,248,-459.0,92.0,,-3784.0,13.0
東京,7,4,オーサムデアラー,上原博之,-55.0,-295.0,254.0,1425,-140,-377.0,,,812.0,4.0
東京,7,5,カレンナオトメ,小野次郎,-1028.0,874.0,-286.0,-216,457,-342.0,,,-541.0,7.0
東京,7,6,スノーホルンロード,清水英克,-1200.0,1150.0,-208.0,-439,1305,86.0,241.0,,935.0,2.0
東京,7,7,ホウオウゴールド,栗田徹　,-619.0,-699.0,-1108.0,-543,-1499,-599.0,,,-5067.0,14.0
東京,7,8,ノーブルミステリー,菊川正達,-964.0,1480.0,132.0,1699,-290,-634.0,-642.0,,781.0,5.0
東京,7,9,インヴェスター,佐藤吉勝,-1877.0,1013.0,-744.0,3047,335,-854.0,,,920.0,3.0
東京,7,10,マクミランテソーロ,田中剛　,617.0,730.0,882.0,-96,345,610.0,,,3088.0,1.0
東京,7,11,マルセルテソーロ,牧光二　,-1127.0,-831.0,-886.0,-229,-1018,-1097.0,,,-5188.0,15.0
東京,7,12,ハッピーウィズユー,小笠倫弘,-106.0,-537.0,-235.0,-348,178,-332.0,,,-1380.0,9.0
東京,7,13,グルーヴィーオン,小手川準,-201.0,-288.0,-155.0,-83,-243,628.0,,,-342.0,6.0
東京,7,14,トルティーナ,高橋文雅,-584.0,-334.0,-892.0,162,-215,-977.0,,,-2840.0,11.0
東京,7,15,マイネルブリオン,矢野英一,-400.0,-660.0,-1144.0,-434,-1175,-1074.0,-316.0,,-5203.0,16.0
東京,7,16,オブシディアーナ,国枝栄　,-77.0,-73.0,-1186.0,-172,-1034,-1236.0,,,-3778.0,12.0
東京,8,1,フェイト,福永祐一,-549.0,814.0,969.0,-249,804,-537.0,,,1252.0,4.0
東京,8,2,エフォートレス,嘉藤貴行,-296.0,-198.0,-277.0,-112,35,-471.0,-229.0,,-1548.0,10.0
東京,8,3,ホウオウシェリー,池上昌和,357.0,-409.0,1730.0,625,757,460.0,,,3520.0,1.0
東京,8,4,ダノンエンブレム,宮田敬介,349.0,177.0,45.0,-94,-411,472.0,-484.0,,54.0,7.0
東京,8,5,レッドライトニング,浅利英明,616.0,-1148.0,576.0,909,-1290,1237.0,-463.0,,437.0,6.0
東京,8,6,コンテネレッツア,宮田敬介,349.0,177.0,45.0,-360,-411,472.0,-484.0,,-212.0,8.0
東京,8,7,ワンモアスマイル,藤岡健一,179.0,-139.0,-541.0,-131,-163,179.0,,,-616.0,9.0
東京,8,8,ケイケイ,杉浦宏昭,126.0,818.0,783.0,-550,929,-613.0,,,1493.0,3.0
東京,8,9,リュウノタブーク,伊坂重信,180.0,-1926.0,-1402.0,-368,-870,374.0,-1201.0,,-5213.0,14.0
東京,8,10,ジャサルディア,萩原清　,48.0,-137.0,-558.0,-375,-617,-289.0,336.0,,-1592.0,11.0
東京,8,11,ツルマウカタチ,手塚貴久,448.0,-1019.0,777.0,-15,223,53.0,,,467.0,5.0
東京,8,12,ツーネサーン,矢作芳人,-264.0,-772.0,-2264.0,-701,-279,-531.0,,,-4811.0,12.0
東京,8,13,トロピカルヒーロー,根本康広,-952.0,-900.0,-864.0,-829,-1261,-23.0,,,-4829.0,13.0
東京,8,14,コスモオピニオン,黒岩陽一,942.0,478.0,525.0,-459,128,555.0,,,2169.0,2.0
東京,9,1,ショウナンラピダス,国枝栄　,-77.0,-73.0,-1116.0,-654,-1034,-1236.0,,,-4190.0,14.0
東京,9,2,アームテイル,和田勇介,3.0,-451.0,619.0,410,-561,85.0,212.0,,317.0,7.0
東京,9,3,キュクヌス,池江泰寿,-14.0,-406.0,162.0,745,-106,267.0,-100.0,,548.0,5.0
東京,9,4,ダノンセンチュリー,萩原清　,48.0,-137.0,-558.0,-375,-617,-289.0,-344.0,,-2272.0,12.0
東京,9,5,エイムフォーエース,武井亮　,226.0,-845.0,-829.0,-637,451,-25.0,,,-1659.0,11.0
東京,9,6,テウメッサ,金成貴史,680.0,780.0,-528.0,-1035,-641,674.0,-151.0,,-221.0,8.0
東京,9,7,コスモエスパーダ,天間昭一,-127.0,-868.0,-2536.0,-767,-1810,-1720.0,53.0,,-7775.0,16.0
東京,9,8,アンダースコア,庄野靖志,-271.0,733.0,649.0,-442,1179,115.0,131.0,,2094.0,2.0
東京,9,9,エスコバル,高橋文雅,-584.0,-334.0,-882.0,-821,-215,-977.0,-184.0,,-3997.0,13.0
東京,9,10,モンドデラモーレ,千葉直人,1762.0,-844.0,1528.0,-26,2250,2297.0,1109.0,,8076.0,1.0
東京,9,11,ミラビリスマジック,国枝栄　,-77.0,-73.0,-1116.0,-654,-1034,-1236.0,-1193.0,,-5383.0,15.0
東京,9,12,レッドアトレーヴ,手塚貴久,448.0,-1019.0,777.0,-15,223,53.0,-28.0,,439.0,6.0
東京,9,13,ファインライン,松永幹夫,131.0,-880.0,-555.0,784,-383,661.0,,,-242.0,9.0
東京,9,14,アンパドゥ,木村哲也,214.0,-309.0,750.0,-246,317,288.0,123.0,,1137.0,4.0
東京,9,15,ヒシアマン,堀宣行　,549.0,-348.0,367.0,-101,604,760.0,-8.0,,1823.0,3.0
東京,9,16,ミッキースピネル,中内田充,72.0,113.0,34.0,-764,-314,122.0,-11.0,,-748.0,10.0
東京,10,1,ヴィヴァン,池江泰寿,-14.0,1276.0,-736.0,745,-106,267.0,-635.0,,797.0,12.0
東京,10,2,ウェットシーズン,田中博康,146.0,-289.0,246.0,-144,-414,-416.0,-706.0,,-1577.0,15.0
東京,10,3,ノーブルロジャー,吉岡辰弥,-31.0,-135.0,872.0,8,753,100.0,,,1567.0,8.0
東京,10,4,フリームファクシ,須貝尚介,-235.0,94.0,-81.0,-210,556,491.0,328.0,,943.0,10.0
東京,10,5,オウギノカナメ,高木登　,1617.0,832.0,1231.0,1613,1634,1883.0,153.0,,8963.0,1.0
東京,10,6,ドンインザムード,今野貞一,59.0,220.0,657.0,-58,485,1159.0,,,2522.0,3.0
東京,10,7,レディントン,杉山晴紀,74.0,282.0,735.0,-611,679,111.0,,,1270.0,9.0
東京,10,8,マルディランダ,金成貴史,680.0,-399.0,1978.0,-1035,-641,674.0,376.0,,1633.0,6.0
東京,10,9,バトゥーキ,浜田多実,230.0,-751.0,938.0,-1089,590,1005.0,,,923.0,11.0
東京,10,10,ハチメンロッピ,矢野英一,-400.0,-781.0,-1144.0,-349,-1175,-1074.0,-274.0,,-5197.0,16.0
東京,10,11,エストレヤデベレン,武幸四郎,376.0,-301.0,1242.0,-87,157,575.0,,,1962.0,4.0
東京,10,12,アサヒ,金成貴史,680.0,-399.0,1978.0,-1035,-641,674.0,376.0,,1633.0,6.0
東京,10,13,サンライズホーク,牧浦充徳,-133.0,111.0,612.0,-278,118,65.0,,,495.0,13.0
東京,10,14,アンシール,小崎憲　,934.0,30.0,-2.0,-281,-1246,676.0,,,111.0,14.0
東京,10,15,アッチャゴーラ,浅利英明,616.0,1011.0,-779.0,909,-1290,1237.0,,,1704.0,5.0
東京,10,16,アルムラトゥール,西園翔太,57.0,-859.0,1119.0,592,218,1405.0,114.0,,2646.0,2.0
東京,11,1,サノノグレーター,尾形和幸,133.0,-85.0,271.0,-1011,-3,-420.0,154.0,,-961.0,9.0
東京,11,2,イージーライダー,杉山晴紀,74.0,347.0,1179.0,760,1295,111.0,,,3766.0,1.0
東京,11,3,ガリレア,清水英克,-1200.0,-495.0,2093.0,679,455,86.0,315.0,,1933.0,3.0
東京,11,4,ディバインウインド,堀宣行　,549.0,-411.0,367.0,-240,-480,760.0,-8.0,,537.0,7.0
東京,11,5,リアライズシリウス,手塚貴久,448.0,81.0,777.0,-20,-312,53.0,-125.0,,902.0,6.0
東京,11,6,ロブチェン,杉山晴紀,74.0,347.0,1179.0,760,1295,111.0,,,3766.0,1.0
東京,11,7,ベレシート,斉藤崇史,-78.0,-360.0,-176.0,502,64,-320.0,171.0,,-197.0,8.0
東京,11,8,ラヴェニュー,友道康夫,522.0,178.0,610.0,-471,-200,850.0,-125.0,,1364.0,4.0
東京,11,9,サトノヴァンクル,木村哲也,214.0,41.0,750.0,366,-257,288.0,-324.0,,1078.0,5.0
東京,12,1,クインズデネブ,小島茂之,390.0,500.0,333.0,-875,693,-126.0,,,915.0,7.0
東京,12,2,アオカミ,松山将樹,-237.0,56.0,177.0,-249,-150,880.0,,,477.0,8.0
東京,12,3,フィドルファドル,矢作芳人,-264.0,-772.0,-34.0,-215,-279,-531.0,,,-2095.0,11.0
東京,12,4,ハリウッドブルース,浜田多実,230.0,1547.0,938.0,-1089,590,1005.0,949.0,,4170.0,2.0
東京,12,5,ウルスクローム,大橋勇樹,-473.0,161.0,2465.0,137,443,-833.0,851.0,,2751.0,3.0
東京,12,6,ウィンダミア,林徹　　,-233.0,-469.0,-466.0,-1217,-1033,-389.0,-468.0,,-4275.0,13.0
東京,12,7,マンノステータス,小野次郎,-1028.0,874.0,-286.0,-216,457,-342.0,524.0,,-17.0,9.0
東京,12,8,フミサウンド,鹿戸雄一,476.0,-401.0,339.0,-724,637,1271.0,360.0,,1958.0,5.0
東京,12,9,ストーンズ,友道康夫,522.0,-320.0,-540.0,826,328,850.0,,,1666.0,6.0
東京,12,10,サイモンソーラン,勢司和浩,-2402.0,-1376.0,-1500.0,-902,-1648,-2193.0,,,-10021.0,16.0
東京,12,11,オンザスクエア,上原佑紀,408.0,1023.0,1014.0,602,969,311.0,,,4327.0,1.0
東京,12,12,ホウオウプレミア,奥村武　,-409.0,-163.0,-1317.0,-984,-1003,-556.0,,,-4432.0,14.0
東京,12,13,モーニングマジック,武藤善則,-532.0,-71.0,-130.0,-343,515,-655.0,,,-1216.0,10.0
東京,12,14,オリビアジュテーム,西田雄一,-905.0,-1208.0,-16.0,-841,-336,-1561.0,-850.0,,-5717.0,15.0
東京,12,15,シーニックビュー,金成貴史,680.0,780.0,1978.0,-1035,-641,674.0,,,2436.0,4.0
東京,12,16,マーゴットゲイン,伊坂重信,180.0,-1926.0,-845.0,-843,-870,374.0,,,-3930.0,12.0
京都,1,1,レイナサンライズ,平田修　,-648.0,601.0,855.0,254,744,-194.0,,,1612.0,6.0
京都,1,2,タケルフォーカス,四位洋文,814.0,237.0,812.0,175,525,1902.0,,,4465.0,2.0
京都,1,3,ロードキャリバー,和田勇介,90.0,167.0,-208.0,773,798,171.0,,,1791.0,5.0
京都,1,4,マーチンゲール,斉藤崇史,-104.0,1160.0,401.0,502,64,627.0,,,2650.0,4.0
京都,1,5,ロードエルドラド,坂口智康,728.0,-490.0,-1154.0,-909,-545,-178.0,158.0,,-2390.0,10.0
京都,1,6,サイモングリーマン,根本康広,98.0,639.0,53.0,-187,322,-848.0,,,77.0,7.0
京都,1,7,カセノコンコルド,中尾秀正,-426.0,-139.0,-565.0,-61,-320,-486.0,148.0,,-1849.0,8.0
京都,1,8,ルファーダ,大根田裕,701.0,741.0,2557.0,1580,1672,1598.0,,,8849.0,1.0
京都,1,9,ガウラディスコ,高柳大輔,801.0,287.0,942.0,954,150,692.0,293.0,,4119.0,3.0
京都,1,10,ジオストラテジー,牧光二　,33.0,-560.0,-886.0,-675,71,-312.0,,,-2329.0,9.0
京都,2,1,ナムラオーレ,中竹和也,-589.0,150.0,648.0,900,1408,1404.0,,,3921.0,2.0
京都,2,2,ナムラキングダム,羽月友彦,305.0,-1107.0,-1571.0,-831,-2323,-933.0,,,-6460.0,12.0
京都,2,3,ローレルマティーニ,畠山吉宏,14.0,-649.0,1497.0,49,-42,1381.0,,,2250.0,5.0
京都,2,4,アメリカンパウダー,角田晃一,-596.0,257.0,1219.0,1004,9,503.0,,,2396.0,4.0
京都,2,5,ヨウリンケイジュ,吉村圭司,276.0,319.0,-14.0,-721,922,-8.0,,,774.0,9.0
京都,2,6,メイショウマドンナ,荒川義之,1252.0,-650.0,1664.0,1390,1301,560.0,,,5517.0,1.0
京都,2,7,シオミン,寺島良　,197.0,-322.0,-695.0,-389,-1225,-1172.0,,,-3606.0,11.0
京都,2,8,テーオーシーザー,宮徹　　,283.0,-261.0,-459.0,-584,315,164.0,,,-542.0,10.0
京都,2,9,ノーブルガイザー,宮本博　,-41.0,-314.0,491.0,1204,-750,510.0,,,1100.0,6.0
京都,2,10,ペイシャプレイ,加藤公太,-80.0,1209.0,-1043.0,-378,1283,-157.0,,,834.0,8.0
京都,2,11,ハノハノ,奥村豊　,987.0,469.0,202.0,284,298,844.0,,,3084.0,3.0
京都,2,12,ショルタメンテ,田中克典,-699.0,-268.0,651.0,1372,-531,505.0,,,1030.0,7.0
京都,3,1,マルモリキャスター,大橋勇樹,475.0,2404.0,2465.0,2294,443,3152.0,-196.0,,11037.0,1.0
京都,3,2,フラゲルムデイ,石栗龍彦,1059.0,534.0,776.0,-154,821,55.0,-1015.0,,2076.0,6.0
京都,3,3,レッドパラジウム,清水久詞,-329.0,-1379.0,-449.0,-1543,211,-277.0,,,-3766.0,13.0
京都,3,4,テイエムプレミラン,宮地貴稔,905.0,1553.0,534.0,-310,1529,2558.0,,,6769.0,2.0
京都,3,5,ムーンリットビーチ,西園翔太,-536.0,-584.0,1119.0,708,218,-458.0,-408.0,,59.0,9.0
京都,3,6,センリョウヤクシャ,中尾秀正,-426.0,-139.0,-565.0,-61,-178,-486.0,,,-1855.0,11.0
京都,3,7,ダイイズキャスト,新谷功一,88.0,-1112.0,-659.0,-735,-358,-192.0,,,-2968.0,12.0
京都,3,8,ナルキッソス,吉岡辰弥,188.0,257.0,872.0,510,753,828.0,,,3408.0,4.0
京都,3,9,デアプリームス,田島俊明,215.0,-1166.0,409.0,-351,-504,137.0,,,-1260.0,10.0
京都,3,10,リヴァデラルナ,西村真幸,-367.0,-652.0,-1576.0,-1799,-399,-1987.0,109.0,,-6671.0,16.0
京都,3,11,アパレイユ,西園翔太,-536.0,-584.0,1119.0,708,218,-458.0,,,467.0,8.0
京都,3,12,ビーウィナー,羽月友彦,305.0,-800.0,-1571.0,-831,-2323,-933.0,,,-6153.0,15.0
京都,3,13,アーディアイリ,緒方努　,-288.0,-283.0,173.0,1227,-556,888.0,,,1161.0,7.0
京都,3,14,ハギノクリーガー,荒川義之,1252.0,454.0,1664.0,1390,1301,560.0,,,6621.0,3.0
京都,3,15,ルクスプロフェシー,高橋亮　,423.0,-133.0,190.0,-88,84,1104.0,1145.0,,2725.0,5.0
京都,3,16,ジャズホリック,梅田智之,-253.0,-714.0,-816.0,-1396,-1314,-1492.0,,,-5985.0,14.0
京都,4,1,ヘルメスギャング,武井亮　,51.0,-845.0,1067.0,465,-340,211.0,,,609.0,5.0
京都,4,2,テイエムゴッホ,浜田多実,758.0,1547.0,938.0,692,1250,563.0,949.0,,6697.0,1.0
京都,4,3,オルブライト,杉浦宏昭,41.0,818.0,245.0,108,252,1516.0,,,2980.0,4.0
京都,4,4,アメリカンスタイル,藤原英昭,-67.0,-785.0,-858.0,-157,-465,-690.0,,,-3022.0,8.0
京都,4,5,アレンスター,庄野靖志,1149.0,733.0,655.0,1041,244,1203.0,-27.0,,4998.0,2.0
京都,4,6,ブルーメサンライズ,石坂公一,578.0,183.0,432.0,1195,991,1302.0,,,4681.0,3.0
京都,4,7,メイショウソウテン,鈴木孝志,-123.0,329.0,-104.0,-692,-638,-1164.0,,,-2392.0,7.0
京都,4,8,ダノンバーボン,池添学　,798.0,-931.0,-26.0,-1097,-441,481.0,8.0,,-1208.0,6.0
京都,4,9,ホーナー,栗田徹　,-164.0,-699.0,-1108.0,-1322,9,-778.0,,,-4062.0,9.0
京都,5,1,シャンクスレガシー,加藤公太,-80.0,-157.0,1780.0,-378,-337,-157.0,,,671.0,6.0
京都,5,2,シルバーリム,中村直也,-116.0,1274.0,164.0,1052,1213,749.0,,,4336.0,4.0
京都,5,3,ピカキウイ,杉山晴紀,1322.0,1286.0,1179.0,760,1295,1908.0,,,7750.0,1.0
京都,5,4,シャローアロス,安達昭夫,-605.0,-2574.0,-934.0,-1316,-536,313.0,433.0,,-5219.0,12.0
京都,5,5,モナート,松山将樹,-110.0,646.0,250.0,-615,539,-565.0,,,145.0,7.0
京都,5,6,グリーンガーネット,牧光二　,33.0,-560.0,-378.0,-675,71,-312.0,,,-1821.0,8.0
京都,5,7,ビアリッツ,北出成人,686.0,980.0,1970.0,1337,-439,1926.0,,,6460.0,2.0
京都,5,8,サンスベリア,牧田和弥,-779.0,-620.0,-240.0,-700,336,-1017.0,,,-3020.0,9.0
京都,5,9,サウンドファミリエ,和田正一,-18.0,903.0,1100.0,1160,1278,1323.0,,,5746.0,3.0
京都,5,10,コスモペンタス,西田雄一,-316.0,10.0,-1907.0,-1365,-953,245.0,-449.0,,-4735.0,11.0
京都,5,11,ダーリンダーリン,秋山真一,-1422.0,-461.0,-87.0,-148,-1125,-1087.0,,,-4330.0,10.0
京都,5,12,パンジー,深山雅史,346.0,260.0,124.0,137,287,821.0,-16.0,,1959.0,5.0
京都,5,13,エイシンイクサボシ,勢司和浩,0.0,-1930.0,-1533.0,-1853,-1079,-757.0,154.0,,-6998.0,13.0
京都,5,14,ジーティーメティオ,矢作芳人,-606.0,-1158.0,-2264.0,-1800,-1455,-1739.0,-1135.0,,-10157.0,15.0
京都,5,15,トラカイキャッスル,西村真幸,-367.0,-652.0,-789.0,-1799,-1599,-1987.0,-481.0,,-7674.0,14.0
京都,6,1,レザベーション,松下武士,18.0,308.0,-614.0,-665,401,-264.0,,,-816.0,10.0
京都,6,2,アヴィオン,岡田稲男,-123.0,201.0,-345.0,179,101,-903.0,,,-890.0,11.0
京都,6,3,ララアルカー,大竹正博,-533.0,695.0,-427.0,51,-821,-140.0,,,-1175.0,13.0
京都,6,4,ヒナタ,上原佑紀,550.0,-468.0,966.0,220,969,1493.0,,,3730.0,3.0
京都,6,5,アンガーザガール,東田明士,38.0,-858.0,611.0,398,-253,306.0,,,242.0,9.0
京都,6,6,ユイノナナフシギ,深山雅史,346.0,260.0,124.0,137,-3,821.0,-113.0,,1572.0,6.0
京都,6,7,ヘイマー,伊藤伸一,-237.0,-3515.0,-1670.0,-2722,-3273,-1675.0,,,-13092.0,17.0
京都,6,8,アウトリュコス,安田翔伍,-523.0,482.0,195.0,209,295,-161.0,,,497.0,8.0
京都,6,9,ダイユウヴェンティ,松永康利,-128.0,-395.0,-80.0,-1240,-557,66.0,,,-2334.0,15.0
京都,6,10,マサノハヤブサ,藤野健太,925.0,-266.0,1130.0,-309,3200,2286.0,,,6966.0,2.0
京都,6,11,ニシノメイホウ,北出成人,686.0,980.0,1970.0,1337,2815,1926.0,824.0,,10538.0,1.0
京都,6,12,ラパンドール,藤原英昭,-67.0,651.0,-69.0,-157,-599,-690.0,,,-931.0,12.0
京都,6,13,ホワイトフレイムス,吉岡辰弥,188.0,257.0,147.0,510,753,828.0,233.0,,2916.0,4.0
京都,6,14,エバイダンス,鈴木孝志,-123.0,-1174.0,-1457.0,-692,-707,-1164.0,,,-5317.0,16.0
京都,6,15,マクローリン,加藤公太,-80.0,-157.0,1780.0,-378,1283,-157.0,-170.0,,2121.0,5.0
京都,6,16,カズノダイジョウ,浅利英明,-79.0,469.0,576.0,-307,-1290,-1342.0,,,-1973.0,14.0
京都,6,17,ニューロスパーク,和田勇介,90.0,167.0,619.0,773,-561,171.0,,,1259.0,7.0
京都,6,18,キタノボストン,伊藤伸一,-237.0,-3515.0,-1670.0,-2722,-3273,-1675.0,,,-13092.0,17.0
京都,7,1,エアニゲラ,池添学　,798.0,-931.0,-26.0,262,-441,481.0,,,143.0,6.0
京都,7,2,ブルーゴールド,根本康広,98.0,-900.0,53.0,-829,322,-848.0,,,-2104.0,9.0
京都,7,3,バルデラマ,辻野泰之,-242.0,-58.0,427.0,292,1860,1013.0,457.0,,3749.0,4.0
京都,7,4,エポカリーナ,土田稔　,125.0,-573.0,-2303.0,210,-923,-1178.0,,,-4642.0,12.0
京都,7,5,カーメルタザイト,安田翔伍,-523.0,-308.0,-212.0,-200,-525,-161.0,539.0,,-1390.0,8.0
京都,7,6,サトノブリジャール,友道康夫,-674.0,-320.0,-540.0,-132,-200,-735.0,,,-2601.0,10.0
京都,7,7,メイショウマジック,四位洋文,814.0,576.0,812.0,47,525,1902.0,,,4676.0,3.0
京都,7,8,ローズゴジャール,荒川義之,1252.0,1573.0,1664.0,-141,387,560.0,,,5295.0,2.0
京都,7,9,ブリオメンテ,千田輝彦,2295.0,1048.0,2483.0,644,1603,3656.0,1138.0,,12867.0,1.0
京都,7,10,ジーティーアメリカ,吉岡辰弥,188.0,1043.0,872.0,309,99,828.0,,,3339.0,5.0
京都,7,11,レヴァンテシチー,佐々木晶,-1126.0,959.0,66.0,-256,-395,-45.0,324.0,,-473.0,7.0
京都,7,12,サイモンシュバリエ,梅田智之,-253.0,-1306.0,-816.0,-204,-1390,-1492.0,,,-5461.0,13.0
京都,7,13,ロードヴォイジャー,坂口智康,728.0,-1415.0,-1154.0,-407,-545,-178.0,,,-2971.0,11.0
京都,8,1,ドルチェリターン,前川恭子,-1128.0,2248.0,-882.0,1895,1958,875.0,-188.0,,4778.0,1.0
京都,8,2,グディンナ,牧田和弥,-779.0,147.0,-240.0,-113,336,-1017.0,-1203.0,,-2869.0,9.0
京都,8,3,ギザキズラヴ,藤原英昭,-67.0,-785.0,-69.0,471,-465,-690.0,-201.0,,-1806.0,4.0
京都,8,4,ウィテカービート,昆貢　　,-697.0,-659.0,-385.0,250,-62,-953.0,,,-2506.0,7.0
京都,8,5,ピースヒロフェイス,牧光二　,33.0,-831.0,-378.0,-7,71,-312.0,-456.0,,-1880.0,5.0
京都,8,6,メアヴィア,金成貴史,-4.0,780.0,-528.0,-1035,1100,181.0,376.0,,870.0,2.0
京都,8,7,ケアンズ,土田稔　,125.0,-573.0,-1620.0,210,-923,-1178.0,-1399.0,,-5358.0,10.0
京都,8,8,シャインバオバブ,本田優　,-274.0,215.0,717.0,-108,-1397,-1284.0,-188.0,,-2319.0,6.0
京都,8,9,グレートシール,中内田充,-222.0,113.0,34.0,98,95,-402.0,-11.0,,-295.0,3.0
京都,8,10,ビヨンドザドリーム,小椋研介,-985.0,-2011.0,-1992.0,-998,-2818,-3210.0,,,-12014.0,12.0
京都,8,11,アレンテージョ,坂口智康,728.0,-1415.0,-740.0,-520,-545,-178.0,,,-2670.0,8.0
京都,8,12,ダノンカゼルタ,寺島良　,197.0,-1252.0,-1343.0,-519,-1179,-1172.0,-176.0,,-5444.0,11.0
京都,9,1,ジーティーマン,小栗実　,173.0,162.0,-4.0,-730,320,595.0,-861.0,,-345.0,8.0
京都,9,2,バガン,宮地貴稔,905.0,2438.0,4441.0,2147,2542,2558.0,,,15031.0,1.0
京都,9,3,バセリーナ,松山将樹,-110.0,56.0,250.0,-152,539,-565.0,,,18.0,7.0
京都,9,4,トーホウガレオン,谷潔　　,769.0,-130.0,-491.0,-1171,-1394,-726.0,,,-3143.0,9.0
京都,9,5,サタデーサンライズ,石坂公一,578.0,183.0,1246.0,698,991,1302.0,767.0,,5765.0,2.0
京都,9,6,コスタデラルス,和田雄二,-336.0,-2566.0,-849.0,-674,-1879,-638.0,,,-6942.0,11.0
京都,9,7,ホウオウトランプ,池江泰寿,442.0,-406.0,162.0,745,-111,-762.0,,,70.0,6.0
京都,9,8,ネブラディスク,福永祐一,245.0,814.0,969.0,-156,61,1506.0,-146.0,,3293.0,3.0
京都,9,9,マイネルフルムーン,吉田直弘,382.0,-175.0,-443.0,285,-262,-68.0,366.0,,85.0,5.0
京都,9,10,タガノカイ,宮徹　　,283.0,8.0,1507.0,876,624,164.0,-865.0,,2597.0,4.0
京都,9,11,リカントロポ,梅田智之,-253.0,-1306.0,-1848.0,-204,-1390,-1492.0,-261.0,,-6754.0,10.0
京都,10,1,バッケンレコード,秋山真一,-1422.0,-134.0,-805.0,950,-1125,-1087.0,,,-3623.0,9.0
京都,10,2,レーウィン,上村洋行,429.0,1110.0,135.0,1048,1951,1872.0,,,6545.0,2.0
京都,10,3,シャルクハフト,清水久詞,-329.0,-72.0,-449.0,324,-1336,-277.0,,,-2139.0,7.0
京都,10,4,ゴールデンクラウド,小林真也,373.0,1170.0,2336.0,551,1494,979.0,1314.0,,8217.0,1.0
京都,10,5,ペンナヴェローチェ,須貝尚介,-450.0,216.0,-81.0,-210,-36,-54.0,,,-615.0,5.0
京都,10,6,ギーロカスタル,伊藤大士,-237.0,-163.0,-1441.0,-993,-835,-1194.0,,,-4863.0,10.0
京都,10,7,オンザライン,大和田成,146.0,218.0,313.0,-734,-1868,-1393.0,,,-3318.0,8.0
京都,10,8,メイショウソウタ,岡田稲男,-123.0,-491.0,184.0,104,-73,-903.0,-29.0,,-1331.0,6.0
京都,10,9,トウカイポワール,北出成人,686.0,771.0,532.0,-92,-439,1926.0,,,3384.0,4.0
京都,10,10,グランドプラージュ,杉山晴紀,1322.0,127.0,735.0,356,1295,1908.0,36.0,,5779.0,3.0
京都,11,1,ヘデントール,木村哲也,-287.0,41.0,750.0,-246,-257,2.0,-324.0,,-321.0,9.0
京都,11,2,ヨーホーレイク,友道康夫,-674.0,178.0,610.0,826,-200,-735.0,397.0,,402.0,5.0
京都,11,3,サフィラ,池添学　,798.0,-545.0,-61.0,169,-441,481.0,8.0,,409.0,4.0
京都,11,4,エコロディノス,大久保龍,240.0,301.0,-717.0,428,-78,-33.0,,,141.0,6.0
京都,11,5,バビット,浜田多実,758.0,-120.0,847.0,-1089,1250,563.0,17.0,,2226.0,3.0
京都,11,6,エリキング,中内田充,-222.0,133.0,34.0,98,95,-402.0,-11.0,,-275.0,8.0
京都,11,7,メイショウブレゲ,本田優　,-274.0,-35.0,717.0,-1200,-1397,-1284.0,,,-3473.0,11.0
京都,11,8,シェイクユアハート,宮徹　　,283.0,49.0,1507.0,876,624,164.0,,,3503.0,2.0
京都,11,9,ドクタードリトル,今野貞一,-492.0,601.0,-903.0,-836,-324,-1338.0,,,-3292.0,10.0
京都,11,10,リビアングラス,矢作芳人,-606.0,-378.0,-2264.0,-701,-1455,-1739.0,,,-7143.0,12.0
京都,11,11,マイネルクリソーラ,手塚貴久,-238.0,81.0,777.0,-15,-312,-230.0,-125.0,,-62.0,7.0
京都,11,12,ジューンテイク,武英智　,-114.0,572.0,1333.0,662,453,630.0,,,3536.0,1.0
京都,12,1,モンテディアーナ,四位洋文,814.0,576.0,812.0,865,672,1902.0,,,5641.0,2.0
京都,12,2,フェリ,佐々木晶,-1126.0,959.0,66.0,146,557,-45.0,,,557.0,10.0
京都,12,3,ラーナローザ,畠山吉宏,14.0,-46.0,1497.0,-41,-42,1381.0,,,2763.0,4.0
京都,12,4,ルクスデイジー,高橋亮　,423.0,341.0,190.0,559,84,1104.0,,,2701.0,5.0
京都,12,5,フーコサンライズ,加藤公太,-80.0,-1201.0,-1043.0,-363,1283,-157.0,,,-1561.0,14.0
京都,12,6,カワキタマナレア,杉山佳明,649.0,377.0,1990.0,-221,409,1331.0,,,4535.0,3.0
京都,12,7,フォルテローザ,斉藤崇史,-104.0,-294.0,401.0,-532,746,627.0,171.0,,1015.0,9.0
京都,12,8,マフィン,大和田成,146.0,218.0,313.0,-734,1468,-1393.0,,,18.0,12.0
京都,12,9,ランスオブセヘル,奥村豊　,987.0,-132.0,202.0,0,298,844.0,,,2199.0,6.0
京都,12,10,ヒラボクミニー,村田一誠,-110.0,-486.0,-2025.0,-159,-2333,-2085.0,-855.0,,-8053.0,16.0
京都,12,11,ランウインディ,中尾秀正,-426.0,38.0,-565.0,-1531,-178,-486.0,-612.0,,-3760.0,15.0
京都,12,12,ミライテーラー,緒方努　,-288.0,274.0,173.0,-418,-556,888.0,971.0,,1044.0,8.0
京都,12,13,プレゼンティーア,田中克典,-699.0,387.0,651.0,-627,-531,505.0,466.0,,152.0,11.0
京都,12,14,ペイシャヴァルツー,吉田直弘,382.0,-175.0,146.0,285,249,-68.0,550.0,,1369.0,7.0
京都,12,15,ニホンピロトッティ,緒方努　,-288.0,274.0,173.0,-418,-556,888.0,-549.0,,-476.0,13.0
京都,12,16,カネトシフラム,大橋勇樹,475.0,161.0,2465.0,-1396,443,3152.0,851.0,,6151.0,1.0
小倉,1,1,ジューンセクレタ,武英智　,-20.0,343.0,196.0,580,453,630.0,,,2182.0,8.0
小倉,1,2,ボールドタワー,鈴木慎太,-155.0,1182.0,1660.0,1485,433,1151.0,,,5756.0,3.0
小倉,1,3,ゴールデンドラゴン,宮本博　,380.0,1930.0,491.0,1204,995,510.0,-414.0,66.0,5162.0,4.0
小倉,1,4,シャインゴーツ,北出成人,446.0,980.0,532.0,1337,-439,1926.0,,,4782.0,5.0
小倉,1,5,ライフイズカラフル,河嶋宏樹,452.0,3465.0,3000.0,3830,1106,2063.0,,,13916.0,1.0
小倉,1,6,ランブリングマン,前川恭子,346.0,-21.0,1523.0,-988,1958,875.0,,,3693.0,7.0
小倉,1,7,ニシノギブソン,根本康広,-424.0,639.0,53.0,-187,322,-848.0,,,-445.0,13.0
小倉,1,8,コテツハマー,佐藤悠太,304.0,962.0,676.0,476,735,3099.0,,,6252.0,2.0
小倉,1,9,カレンショー,安田翔伍,192.0,482.0,-212.0,209,-525,-161.0,,,-15.0,12.0
小倉,1,10,サウンドラッシュ,安達昭夫,-180.0,-2574.0,504.0,-1316,-536,313.0,,,-3789.0,15.0
小倉,1,11,ワールドロイヤル,本田優　,-275.0,-940.0,-647.0,935,-1397,-1284.0,,,-3608.0,14.0
小倉,1,12,ロードアマルフィ,中村直也,-279.0,1274.0,330.0,1052,1213,749.0,,,4339.0,6.0
小倉,1,13,ダイシンデリー,池添学　,223.0,671.0,-26.0,-1097,-441,481.0,8.0,234.0,53.0,11.0
小倉,1,14,モズオージー,清水久詞,-240.0,-1379.0,-449.0,-1543,-1336,-277.0,,,-5224.0,16.0
小倉,1,15,サムシングニュー,鹿戸雄一,363.0,1052.0,339.0,395,394,-440.0,-438.0,462.0,2127.0,9.0
小倉,1,16,マイトリックスター,和田勇介,-166.0,167.0,-208.0,773,798,171.0,-100.0,-218.0,1217.0,10.0
小倉,2,1,ナムラロダン,長谷川浩,-128.0,-105.0,1718.0,316,1743,152.0,-86.0,42.0,3652.0,5.0
小倉,2,2,シンデレラリバティ,蛯名利弘,43.0,-2548.0,-2109.0,-853,-1098,-1296.0,,,-7861.0,17.0
小倉,2,3,ドナカサミエント,庄野靖志,67.0,-179.0,649.0,1041,1179,1203.0,,,3960.0,3.0
小倉,2,4,クロナ,高橋亮　,79.0,-133.0,196.0,-88,84,1104.0,639.0,317.0,2198.0,8.0
小倉,2,5,ミスターマーボー,青木孝文,113.0,100.0,1189.0,214,-134,1195.0,,,2677.0,7.0
小倉,2,6,テイクマイハート,森田直行,520.0,932.0,-1112.0,512,494,-326.0,,,1020.0,9.0
小倉,2,7,ショウナンタヅナ,武市康男,76.0,-1958.0,555.0,-1117,-1071,-1611.0,,,-5126.0,16.0
小倉,2,8,モズヴイ,藤岡健一,130.0,-144.0,-541.0,-276,-163,-752.0,-348.0,99.0,-1995.0,10.0
小倉,2,9,トゥモローズウェイ,小手川準,-325.0,-386.0,-1242.0,-359,-243,-1352.0,,,-3907.0,14.0
小倉,2,10,ブレイヴソルジャー,新開幸一,453.0,-616.0,-721.0,-1036,-323,-628.0,,,-2871.0,12.0
小倉,2,11,ソニックブレイカー,稲垣幸雄,286.0,102.0,259.0,667,854,820.0,,,2988.0,6.0
小倉,2,12,メロウアンバー,坂口智康,-393.0,-490.0,-740.0,-909,-1437,-178.0,158.0,-329.0,-4318.0,15.0
小倉,2,13,エバーラスト,和田正一,350.0,903.0,1100.0,1160,616,1323.0,298.0,12.0,5762.0,1.0
小倉,2,14,プルヴォワール,竹内正洋,12.0,1074.0,959.0,134,1769,397.0,,,4345.0,2.0
小倉,2,15,ドライヴトウショウ,杉浦宏昭,-311.0,815.0,783.0,108,929,1516.0,,,3840.0,4.0
小倉,2,16,シンゼンアイカ,飯田祐史,32.0,-290.0,-1449.0,354,-114,-1262.0,,,-2729.0,11.0
小倉,2,17,ラブソング,尾関知人,-36.0,-1140.0,-1551.0,-1939,-3153,-976.0,,,-8795.0,18.0
小倉,2,18,コンフィアンサ,菊川正達,-164.0,-578.0,-686.0,-1016,-290,-158.0,,,-2892.0,13.0
小倉,3,1,アフトクラーティラ,上原佑紀,-611.0,1023.0,1014.0,240,969,1493.0,,,4128.0,3.0
小倉,3,2,アイファーモービル,宮本博　,380.0,-975.0,491.0,-416,-750,510.0,,,-760.0,7.0
小倉,3,3,インユアアイズ,中村直也,-279.0,160.0,330.0,-139,-898,749.0,,,-77.0,6.0
小倉,3,4,サイモンオリーブ,梅田智之,-123.0,-1306.0,-816.0,-1048,-1314,-1492.0,250.0,-297.0,-6146.0,13.0
小倉,3,5,サツキレジーナ,石栗龍彦,-332.0,-1083.0,776.0,-560,821,55.0,-1015.0,536.0,-802.0,8.0
小倉,3,6,シュークリーム,西村真幸,-158.0,-894.0,-1576.0,-353,-399,-1987.0,,,-5367.0,12.0
小倉,3,7,トリプルバレル,藤野健太,-386.0,918.0,-349.0,791,3200,2286.0,,,6460.0,2.0
小倉,3,8,カップッチョ,南田美知,211.0,-483.0,-2860.0,2970,-2414,-135.0,,,-2711.0,10.0
小倉,3,9,シンガソング,土田稔　,270.0,-573.0,-2303.0,210,-2662,-1178.0,,,-6236.0,14.0
小倉,3,10,バーケンティン,平田修　,-92.0,-444.0,855.0,-1756,-992,-194.0,,,-2623.0,9.0
小倉,3,11,キャリーグレイス,寺島良　,489.0,-1252.0,-695.0,-519,-1225,-1172.0,,,-4374.0,11.0
小倉,3,12,ラインパシオン,水野貴広,-539.0,115.0,1297.0,148,-814,649.0,,,856.0,5.0
小倉,3,13,タイセイアビリティ,小林真也,24.0,1170.0,2336.0,551,130,979.0,832.0,493.0,6515.0,1.0
小倉,3,14,ハヤテノツバサ,杉山佳明,-185.0,377.0,1990.0,-221,409,1331.0,,,3701.0,4.0
小倉,4,1,ヴァランセカズマ,蛯名利弘,43.0,-2548.0,-38.0,267,-376,-1296.0,,,-3948.0,9.0
小倉,4,2,アポロプラネット,伊藤圭三,-230.0,-1193.0,-467.0,-828,-49,-756.0,-449.0,,-3972.0,10.0
小倉,4,3,ルーンファクター,的場均　,111.0,-870.0,59.0,-5221,-390,-2084.0,-2288.0,,-10683.0,12.0
小倉,4,4,フェンダー,斉藤崇史,506.0,1160.0,-83.0,-532,-386,627.0,-393.0,,899.0,3.0
小倉,4,5,コスモアミマネラ,柄崎将寿,-1650.0,-79.0,-41.0,258,-1044,,,,-2556.0,8.0
小倉,4,6,アルカンサス,土田稔　,270.0,-3287.0,-711.0,-1344,-877,-1178.0,,,-7127.0,11.0
小倉,4,7,アシャカブラン,大根田裕,77.0,741.0,-256.0,-57,-150,1598.0,,,1953.0,1.0
小倉,4,8,ラウダブル,池江泰寿,-655.0,-1330.0,-252.0,745,-689,-762.0,850.0,,-2093.0,7.0
小倉,4,9,カイコウ,田島俊明,-324.0,-1166.0,146.0,-525,587,137.0,343.0,,-802.0,6.0
小倉,4,10,オソルノ,萩原清　,-151.0,588.0,51.0,-368,326,107.0,-344.0,,209.0,4.0
小倉,4,11,コルデアニル,金成貴史,-526.0,915.0,-147.0,-1035,99,181.0,376.0,,-137.0,5.0
小倉,4,12,バルサムノート,高野友和,43.0,379.0,0.0,8,288,442.0,12.0,,1172.0,2.0
小倉,5,1,アズライトアスール,鈴木孝志,-433.0,-1174.0,-1457.0,-692,-638,-1164.0,,,-5558.0,15.0
小倉,5,2,ミランド,小林真也,24.0,274.0,-167.0,2036,1494,979.0,,,4640.0,2.0
小倉,5,3,ユイバイハウス,森田直行,520.0,932.0,-1112.0,512,-205,-326.0,,,321.0,6.0
小倉,5,4,ブルージェネシス,菊川正達,-164.0,-578.0,-686.0,-1016,-286,-158.0,,,-2888.0,11.0
小倉,5,5,ブランドブラン,杉山晴紀,-347.0,1286.0,1179.0,760,1295,1908.0,,,6081.0,1.0
小倉,5,6,バンオンタイム,田中博康,-200.0,-97.0,-1190.0,-14,-57,-247.0,,,-1805.0,8.0
小倉,5,7,モウエエデショー,萱野浩二,-214.0,877.0,-229.0,-704,321,370.0,82.0,-127.0,376.0,5.0
小倉,5,8,アクティングエリア,天間昭一,-6.0,-1640.0,-2536.0,-2055,-2089,-3050.0,,,-11376.0,16.0
小倉,5,9,ルアグロール,嘉藤貴行,249.0,-272.0,-277.0,-474,-275,291.0,,,-758.0,7.0
小倉,5,10,ホノボノ,尾形和幸,-509.0,-431.0,271.0,-1011,-3,-968.0,238.0,-522.0,-2935.0,12.0
小倉,5,11,モンロワイヤル,牧浦充徳,211.0,538.0,344.0,558,726,820.0,,,3197.0,3.0
小倉,5,12,ヴァーティゴー,西園翔太,56.0,-584.0,-97.0,708,1126,-458.0,114.0,295.0,1160.0,4.0
小倉,5,13,モヴシエラ,新谷功一,523.0,-1112.0,-207.0,-735,-532,-192.0,,,-2255.0,10.0
小倉,5,14,レイヌドプランタン,矢嶋大樹,-21.0,-136.0,-634.0,1320,-1420,-1151.0,,,-2042.0,9.0
小倉,5,15,チェンドル,小手川準,-325.0,-386.0,-1242.0,-359,-219,-1352.0,-160.0,-344.0,-4387.0,14.0
小倉,5,16,ナムラシンジロー,羽月友彦,-53.0,-800.0,-256.0,-831,-329,-933.0,-661.0,-433.0,-4296.0,13.0
小倉,6,1,ラミントン,清水久詞,-240.0,-72.0,-643.0,324,-1336,-277.0,618.0,273.0,-1353.0,11.0
小倉,6,2,ミッドタウンナイト,河嶋宏樹,452.0,-364.0,-925.0,230,1106,2063.0,-74.0,96.0,2584.0,3.0
小倉,6,3,タイキジパング,谷潔　　,100.0,-130.0,-491.0,-1171,-1394,-726.0,-762.0,-565.0,-5139.0,16.0
小倉,6,4,ユイノコキュウ,竹内正洋,12.0,21.0,959.0,-472,-388,397.0,-152.0,759.0,1136.0,6.0
小倉,6,5,フェアリーグレン,吉田直弘,-156.0,-175.0,-443.0,285,-262,-68.0,,,-819.0,10.0
小倉,6,6,ゴールドジェスター,中川公成,-98.0,141.0,21.0,148,-383,-603.0,-266.0,-434.0,-1474.0,12.0
小倉,6,7,シャインフリーリー,矢嶋大樹,-21.0,-1555.0,-634.0,-781,-1420,-1151.0,-661.0,1324.0,-4899.0,15.0
小倉,6,8,レジェンドシップ,佐藤悠太,304.0,556.0,1875.0,-773,735,3099.0,,,5796.0,2.0
小倉,6,9,リアルセンター,千葉直人,-789.0,-844.0,1528.0,162,-110,174.0,1109.0,277.0,1507.0,5.0
小倉,6,10,ストレートブラック,奥平雅士,-340.0,-251.0,-389.0,-259,146,74.0,-77.0,280.0,-816.0,9.0
小倉,6,11,デビューフライト,小島茂之,-20.0,500.0,660.0,79,-36,1161.0,,,2344.0,4.0
小倉,6,12,ピティロディア,西田雄一,-72.0,-1208.0,-1907.0,126,-953,245.0,264.0,-184.0,-3689.0,13.0
小倉,6,13,ゼットエイト,宮地貴稔,172.0,2438.0,4441.0,709,2542,2558.0,1161.0,434.0,14455.0,1.0
小倉,6,14,マイネルゼウス,奥村武　,-127.0,-163.0,634.0,-42,207,-21.0,,,488.0,7.0
小倉,6,15,ダノンジャイアン,茶木太樹,-258.0,-666.0,-1237.0,-911,-721,-1027.0,,,-4820.0,14.0
小倉,6,16,マイネルボス,畠山吉宏,-479.0,-46.0,-894.0,-41,641,1381.0,67.0,-337.0,292.0,8.0
小倉,7,1,ゲンジ,尾形和幸,-509.0,-199.0,271.0,-68,151,-968.0,,,-1322.0,10.0
小倉,7,2,リアルファインド,小笠倫弘,-17.0,-537.0,-481.0,90,128,-311.0,445.0,-254.0,-937.0,8.0
小倉,7,3,ペリプルス,佐藤吉勝,23.0,1013.0,-908.0,3047,-389,-1333.0,,,1453.0,5.0
小倉,7,4,ウインポセイドン,奥村豊　,543.0,-132.0,409.0,162,235,844.0,-108.0,402.0,2355.0,4.0
小倉,7,5,アスクデッドヒート,矢作芳人,-459.0,-772.0,-2264.0,-215,-513,-1739.0,,,-5962.0,14.0
小倉,7,6,ヴァレッタカズマ,藤野健太,-386.0,918.0,1130.0,-857,-364,2286.0,1892.0,-79.0,4540.0,2.0
小倉,7,7,アスクメークシェア,前川恭子,346.0,2248.0,-882.0,80,-201,875.0,,,2466.0,3.0
小倉,7,8,ジーティートシオー,西村真幸,-158.0,-894.0,-789.0,3,-426,-1987.0,-524.0,866.0,-3909.0,13.0
小倉,7,9,ウインリュクス,吉田直弘,-156.0,-175.0,-443.0,-343,-106,-68.0,,,-1291.0,9.0
小倉,7,10,ダノンピクチャー,田中博康,-200.0,65.0,-1190.0,-316,-128,-247.0,,,-2016.0,11.0
小倉,7,11,ドラギニャン,河嶋宏樹,452.0,-364.0,-925.0,230,-11,2063.0,,,1445.0,6.0
小倉,7,12,レイフロレット,井上智史,201.0,906.0,722.0,2121,-710,2642.0,,,5882.0,1.0
小倉,7,13,ローレルオーブ,杉山佳明,-185.0,377.0,160.0,-221,-347,1331.0,,,1115.0,7.0
小倉,7,14,オーサムユニバンス,平田修　,-92.0,-444.0,-608.0,-1756,-362,-194.0,,,-3456.0,12.0
小倉,8,1,イエローブリック,奥村豊　,543.0,-132.0,202.0,162,235,844.0,,,1854.0,7.0
小倉,8,2,ダイシンレアレア,高橋一哉,-89.0,-324.0,-815.0,547,255,-692.0,,,-1118.0,11.0
小倉,8,3,モヴレクス,金成貴史,-526.0,780.0,1978.0,-1035,99,181.0,,,1477.0,8.0
小倉,8,4,ニヒトツーゼーア,中竹和也,51.0,1033.0,648.0,390,-24,1404.0,1141.0,238.0,4881.0,3.0
小倉,8,5,ミラクルブルー,小林真也,24.0,1170.0,2336.0,551,549,979.0,832.0,493.0,6934.0,1.0
小倉,8,6,イプシロンナンバー,小崎憲　,-510.0,-756.0,-2.0,34,-284,-1664.0,-247.0,-1124.0,-4553.0,15.0
小倉,8,7,アークドール,松永幹夫,-74.0,-880.0,605.0,784,237,-611.0,,,61.0,9.0
小倉,8,8,リアンクトワ,辻野泰之,657.0,-58.0,427.0,-78,294,1013.0,457.0,-160.0,2552.0,6.0
小倉,8,9,シーリュウシー,岡田稲男,-557.0,-491.0,184.0,104,-163,-903.0,-553.0,-864.0,-3243.0,14.0
小倉,8,10,スマートブル,井上智史,201.0,906.0,2451.0,-180,-710,2642.0,241.0,694.0,6245.0,2.0
小倉,8,11,ラブカ,今野貞一,-667.0,698.0,657.0,-836,-351,-1338.0,,,-1837.0,13.0
小倉,8,12,ニシノミチアキ,吉村圭司,240.0,-578.0,-14.0,-32,342,-8.0,,,-50.0,10.0
小倉,8,13,シドニーホバート,杉山佳明,-185.0,377.0,1990.0,-221,-347,1331.0,,,2945.0,5.0
小倉,8,14,クレスコドルフィン,羽月友彦,-53.0,4.0,-1571.0,128,1161,-933.0,,,-1264.0,12.0
小倉,8,15,グリプトグラフィ,武幸四郎,-241.0,981.0,1242.0,767,-568,1143.0,-201.0,86.0,3209.0,4.0
小倉,9,1,ファミリーツリー,河嶋宏樹,452.0,-364.0,-925.0,-206,1106,2063.0,,,2126.0,2.0
小倉,9,2,ビターグラッセ,栗田徹　,-349.0,-699.0,-374.0,-193,9,-778.0,-34.0,189.0,-2229.0,7.0
小倉,9,3,ハートメテオ,笹田和秀,-203.0,444.0,405.0,189,845,-886.0,7.0,56.0,857.0,4.0
小倉,9,4,オルノア,新谷功一,523.0,225.0,-207.0,-257,-532,-192.0,,,-440.0,5.0
小倉,9,5,ヴォワラクテ,田中克典,195.0,387.0,130.0,71,1435,505.0,466.0,293.0,3482.0,1.0
小倉,9,6,マトラコーニッシュ,池添学　,223.0,-931.0,-61.0,262,-441,481.0,,,-467.0,6.0
小倉,9,7,ウィルサヴァイブ,須貝尚介,-213.0,216.0,584.0,629,-36,-54.0,,,1126.0,3.0
小倉,10,1,ロードトレゾール,清水久詞,-240.0,-72.0,-643.0,2150,211,-277.0,,,1129.0,7.0
小倉,10,2,ペプチドクレマチス,畑端省吾,73.0,207.0,-1580.0,694,359,484.0,184.0,-241.0,180.0,11.0
小倉,10,3,ブルーサンセット,奥村豊　,543.0,-132.0,409.0,162,298,844.0,,,2124.0,4.0
小倉,10,4,ニシノラヴァンダ,奥平雅士,-340.0,-251.0,-389.0,-259,-1258,74.0,-77.0,280.0,-2220.0,15.0
小倉,10,5,インブロリオ,吉村圭司,240.0,-578.0,402.0,-32,922,-8.0,-518.0,89.0,517.0,10.0
小倉,10,6,ベビーズブレス,千田輝彦,339.0,1048.0,2390.0,37,3087,3656.0,,,10557.0,1.0
小倉,10,7,ハリウッドメモリー,長谷川浩,-128.0,648.0,1718.0,921,1743,152.0,,,5054.0,2.0
小倉,10,8,メイショウミリオレ,藤岡健一,130.0,-139.0,-541.0,-669,-163,-752.0,-348.0,99.0,-2383.0,17.0
小倉,10,9,イグニション,畑端省吾,73.0,207.0,-1580.0,-581,359,484.0,234.0,-241.0,-1045.0,13.0
小倉,10,10,バンディート,東田明士,-205.0,157.0,611.0,-202,-253,306.0,930.0,-76.0,1268.0,5.0
小倉,10,11,トウカイエルデ,茶木太樹,-258.0,-666.0,-1237.0,-391,-901,-1027.0,,,-4480.0,18.0
小倉,10,12,アイヲツグモノ,牧浦充徳,211.0,311.0,344.0,-278,118,820.0,173.0,-467.0,1232.0,6.0
小倉,10,13,スムースベルベット,南田美知,211.0,-483.0,426.0,2970,-2414,-135.0,,,575.0,9.0
小倉,10,14,マイネルラッシュ,水野貴広,-539.0,115.0,-1882.0,656,-814,649.0,147.0,-493.0,-2161.0,14.0
小倉,10,15,グランツベリー,田中克典,195.0,387.0,130.0,-627,-531,505.0,466.0,293.0,818.0,8.0
小倉,10,16,メイショウセイロウ,荒川義之,-524.0,1573.0,-324.0,-141,1301,560.0,197.0,181.0,2823.0,3.0
小倉,10,17,タイキエクセロン,西園正都,330.0,911.0,-1262.0,325,-351,-429.0,-164.0,-155.0,-795.0,12.0
小倉,10,18,ジョウゲンノツキ,牧田和弥,-242.0,147.0,-240.0,-113,-749,-1017.0,77.0,-145.0,-2282.0,16.0
小倉,11,1,プルパレイ,須貝尚介,-213.0,94.0,584.0,-210,556,-54.0,,,757.0,9.0
小倉,11,2,デイトナモード,千田輝彦,339.0,960.0,2390.0,644,3087,3656.0,,,11076.0,1.0
小倉,11,3,ユキノファラオ,小野次郎,775.0,83.0,1649.0,-216,457,1905.0,-75.0,1837.0,6415.0,3.0
小倉,11,4,レッドヒルシューズ,武英智　,-20.0,1305.0,1333.0,662,1309,630.0,1409.0,140.0,6768.0,2.0
小倉,11,5,メイクアスナッチ,武市康男,76.0,-788.0,555.0,-1967,-1071,-1611.0,8.0,248.0,-4550.0,15.0
小倉,11,6,レッドアヴァンティ,尾関知人,-36.0,440.0,-1551.0,217,-3153,-976.0,,,-5059.0,16.0
小倉,11,7,ジョーメッドヴィン,清水久詞,-240.0,256.0,-643.0,2150,211,-277.0,,,1457.0,7.0
小倉,11,8,マイネルジェロディ,西園正都,330.0,165.0,-1262.0,325,-351,-429.0,173.0,-155.0,-1204.0,13.0
小倉,11,9,カンティーユ,嘉藤貴行,249.0,-253.0,-277.0,-112,35,291.0,-229.0,-24.0,-320.0,12.0
小倉,11,10,サウザンサニー,岩戸孝樹,22.0,119.0,-2313.0,-866,-2054,-2343.0,-364.0,-704.0,-8503.0,18.0
小倉,11,11,カルロヴェローチェ,須貝尚介,-213.0,94.0,584.0,-210,556,-54.0,,,757.0,9.0
小倉,11,12,ダンツエラン,本田優　,-275.0,588.0,717.0,-108,934,-1284.0,-449.0,-274.0,-151.0,11.0
小倉,11,13,アスクワンタイム,梅田智之,-123.0,-208.0,-1848.0,-1048,-1314,-1492.0,250.0,-938.0,-6721.0,17.0
小倉,11,14,クファシル,池添学　,223.0,-376.0,-61.0,169,502,481.0,8.0,415.0,1361.0,8.0
小倉,11,15,マイネルレノン,宮徹　　,-123.0,332.0,1507.0,876,315,164.0,532.0,573.0,4176.0,5.0
小倉,11,16,ショウナンハクラク,松下武士,-139.0,71.0,-614.0,-714,401,-264.0,,,-1259.0,14.0
小倉,11,17,タマモブラックタイ,角田晃一,818.0,267.0,138.0,1191,9,503.0,1307.0,-327.0,3906.0,6.0
小倉,11,18,ナムラクララ,長谷川浩,-128.0,296.0,1718.0,921,1743,152.0,,,4702.0,4.0
小倉,12,1,オロパタジン,相沢郁　,-217.0,-755.0,-696.0,-78,-1087,-129.0,,,-2962.0,9.0
小倉,12,2,インターアーバン,野中賢二,61.0,-332.0,-311.0,840,-474,-964.0,-658.0,-531.0,-2369.0,8.0
小倉,12,3,ビスケットマリー,和田雄二,257.0,-2566.0,-1889.0,-674,-1879,-638.0,-410.0,-544.0,-8343.0,12.0
小倉,12,4,ピエナクレスコ,谷潔　　,100.0,-130.0,-503.0,-1171,-1394,-726.0,-762.0,-288.0,-4874.0,11.0
小倉,12,5,ウィズマスタング,西園翔太,56.0,1506.0,1119.0,564,1126,-458.0,,,3913.0,2.0
小倉,12,6,トクシージェネラル,辻哲英　,-355.0,993.0,365.0,1741,2304,629.0,259.0,443.0,6379.0,1.0
小倉,12,7,サンライズシア,石坂公一,-18.0,183.0,432.0,-692,991,1302.0,-60.0,154.0,2292.0,5.0
小倉,12,8,スマートクラビ,中村直也,-279.0,160.0,330.0,-139,1213,749.0,316.0,144.0,2494.0,4.0
小倉,12,9,アスタールテニウム,中竹和也,51.0,1033.0,648.0,-131,190,1404.0,,,3195.0,3.0
小倉,12,10,ショウナンタハティ,中舘英二,64.0,-303.0,-752.0,153,-244,-282.0,,,-1364.0,7.0
小倉,12,11,アイファーファイト,的場均　,111.0,-6583.0,-4228.0,-5221,-984,-2084.0,,,-18989.0,13.0
小倉,12,12,マーウォルス,茶木太樹,-258.0,-666.0,-428.0,-911,-721,-1027.0,,,-4011.0,10.0
小倉,12,13,レイザリオ,橋口慎介,-1.0,-107.0,-308.0,-188,227,-447.0,,,-824.0,6.0
