場所,R,馬番,馬名,種牡馬名,種牡馬利益度_1,種牡馬利益度_2,種牡馬利益度_3,種牡馬利益度_4,種牡馬利益度_5,種牡馬利益度_6,種牡馬利益度_7,種牡馬利益度_8,種牡馬利益度,種牡馬利益度順位
札幌,1,1,ジャストグレース,ホッコータルマエ,484.0,1436.0,1620.0,1329.0,1511.0,-5.0,1178.0,,7553.0,7.0
札幌,1,2,リベンジャー,シニスターミニスター,398.0,2541.0,6646.0,2818.0,4029.0,5699.0,1847.0,,23978.0,1.0
札幌,1,3,クルビデンス,アメリカンペイトリオット,-277.0,-1521.0,-1683.0,-1602.0,-622.0,829.0,,,-4876.0,14.0
札幌,1,4,マーゴットデウス,ドレフォン,453.0,1595.0,5315.0,2869.0,1879.0,3246.0,2395.0,,17752.0,2.0
札幌,1,5,メイショウシンガン,ニューイヤーズデイ,-388.0,190.0,643.0,-135.0,261.0,630.0,,,1201.0,10.0
札幌,1,6,フレンチブラッサム,ホッコータルマエ,484.0,1436.0,1620.0,1329.0,1511.0,-5.0,,,6375.0,9.0
札幌,1,7,ショウナンタヅナ,ドレフォン,453.0,1595.0,5315.0,2869.0,1879.0,3246.0,,,15357.0,4.0
札幌,1,8,ニットウエース,モズアスコット,499.0,3811.0,3010.0,2625.0,3044.0,1792.0,-1692.0,,13089.0,6.0
札幌,1,9,ロードクローザー,ナダル,-763.0,-99.0,1069.0,-1027.0,1034.0,-791.0,1253.0,,676.0,11.0
札幌,1,10,アンタレス,キズナ,-88.0,2090.0,-72.0,1369.0,2590.0,1509.0,-374.0,,7024.0,8.0
札幌,1,11,ゴーントゥファー,ドレフォン,453.0,1595.0,5315.0,2869.0,1879.0,3246.0,,,15357.0,4.0
札幌,1,12,サンオブザサン,タニノフランケル,,130.0,-319.0,,-414.0,-543.0,,,-1146.0,12.0
札幌,1,13,フェンリル,ドレフォン,453.0,1595.0,5315.0,2869.0,1879.0,3246.0,2395.0,,17752.0,2.0
札幌,1,14,ワンダーゾルダート,ゴールドドリーム,236.0,-1742.0,-1839.0,-984.0,534.0,-277.0,,,-4072.0,13.0
札幌,2,1,マイネルラビリンス,ダノンバラード,609.0,-367.0,224.0,524.0,608.0,-594.0,,,1004.0,2.0
札幌,2,2,オンザボー,コントレイル,118.0,-394.0,131.0,-321.0,-419.0,-620.0,,,-1505.0,4.0
札幌,2,3,イッペイ,エフフォーリア,,,,,,,,,,
札幌,2,4,マイネルサリーレ,ゴールドシップ,-36.0,-923.0,-664.0,-1112.0,-19.0,-1154.0,,,-3908.0,5.0
札幌,2,5,ローザベッラ,エフフォーリア,,,,,,,,,,
札幌,2,6,カリスマン,フィエールマン,164.0,471.0,2095.0,-94.0,876.0,1515.0,,,5027.0,1.0
札幌,2,7,ラヴァンドローリエ,ダノンスマッシュ,-472.0,-1092.0,-731.0,-1598.0,-1120.0,-1181.0,,,-6194.0,6.0
札幌,2,8,ルージュロマーナ,ウィルテイクチャージ,,,,,-86.0,-141.0,,,-227.0,3.0
札幌,2,9,レゾンフォルテ,エフフォーリア,,,,,,,,,,
札幌,2,10,タクミオジュウ,オジュウチョウサン,,,,,,,,,,
札幌,3,1,ナブッコ,モーリス,-184.0,-707.0,-2595.0,-1490.0,-2479.0,-4301.0,,,-11756.0,12.0
札幌,3,2,フェアリーキャット,ディスクリートキャット,-122.0,657.0,958.0,51.0,2587.0,2361.0,2208.0,,8700.0,5.0
札幌,3,3,ソルトアイリス,アドマイヤマーズ,-655.0,-1760.0,1725.0,24.0,-1623.0,-480.0,465.0,,-2304.0,10.0
札幌,3,4,トルークマクト,ドレフォン,453.0,1595.0,5315.0,2869.0,2469.0,3246.0,,,15947.0,2.0
札幌,3,5,シルフ,ルヴァンスレーヴ,954.0,-185.0,9332.0,8529.0,2153.0,8101.0,2073.0,,30957.0,1.0
札幌,3,6,アニマレイ,ニューイヤーズデイ,-388.0,190.0,643.0,-135.0,1193.0,630.0,-231.0,,1902.0,7.0
札幌,3,7,デルマハルナ,ディーマジェスティ,-145.0,1859.0,1746.0,1911.0,560.0,984.0,,,6915.0,6.0
札幌,3,8,ダイユウサルターレ,サートゥルナーリア,-184.0,-10.0,-2606.0,-3016.0,685.0,-2661.0,-395.0,,-8187.0,11.0
札幌,3,9,サンライズロイ,フォーウィールドライブ,373.0,2466.0,1931.0,896.0,3272.0,67.0,,,9005.0,4.0
札幌,3,10,フェイスリフト,フォーウィールドライブ,373.0,2466.0,1931.0,896.0,3272.0,67.0,1319.0,,10324.0,3.0
札幌,3,11,メイワキラリ,ミスターメロディ,-311.0,2.0,-949.0,1134.0,691.0,58.0,,,625.0,8.0
札幌,3,12,ツクバヴァンガード,リーチザクラウン,-55.0,-304.0,-312.0,28.0,-52.0,49.0,-89.0,,-735.0,9.0
札幌,4,1,ザンテソーロ,オルフェーヴル,52.0,1462.0,-133.0,686.0,331.0,614.0,,,3012.0,3.0
札幌,4,2,シエルブリエ,アルアイン,-696.0,-1478.0,-1679.0,-2430.0,-63.0,-660.0,-1144.0,,-8150.0,12.0
札幌,4,3,ポップアップ,ロジャーバローズ,-80.0,-1022.0,-2477.0,-9.0,-572.0,-2860.0,,,-7020.0,11.0
札幌,4,4,ロードステラート,キタサンブラック,916.0,122.0,-104.0,-143.0,157.0,1362.0,,,2310.0,4.0
札幌,4,5,ガビーズメロディ,ミスターメロディ,-311.0,2.0,-949.0,1134.0,-236.0,58.0,-992.0,,-1294.0,7.0
札幌,4,6,ウインガネーシャ,ゴールドドリーム,236.0,-1742.0,-1839.0,-984.0,,-277.0,,,-4606.0,9.0
札幌,4,7,コイバナ,モズアスコット,499.0,3811.0,3010.0,2625.0,-236.0,1792.0,-1692.0,,9809.0,2.0
札幌,4,8,ワイルドカイザー,レイデオロ,-70.0,2847.0,-1287.0,-699.0,208.0,-234.0,151.0,,916.0,6.0
札幌,4,9,ブラックパロット,アドマイヤマーズ,-655.0,-1760.0,1725.0,24.0,283.0,-480.0,-1385.0,,-2248.0,8.0
札幌,4,10,ブロント,ブラックタイド,-293.0,351.0,1095.0,295.0,-397.0,384.0,,,1435.0,5.0
札幌,4,11,ウインモンクール,ルヴァンスレーヴ,954.0,-185.0,9332.0,8529.0,694.0,8101.0,,,27425.0,1.0
札幌,4,12,モロノカガヤキ,ゴールドドリーム,236.0,-1742.0,-1839.0,-984.0,,-277.0,-1374.0,,-5980.0,10.0
札幌,5,1,パーフェクトゲーム,リアルスティール,351.0,438.0,1603.0,211.0,967.0,1651.0,,,5221.0,3.0
札幌,5,2,スピリッツ,モーリス,-184.0,273.0,-1842.0,137.0,-2479.0,-4301.0,,,-8396.0,12.0
札幌,5,3,フレンドミラノ,イスラボニータ,-551.0,302.0,2755.0,1925.0,2310.0,2721.0,,,9462.0,1.0
札幌,5,4,ディンクスマッシュ,ダノンスマッシュ,-472.0,-140.0,-731.0,-1598.0,-677.0,-1181.0,,,-4799.0,9.0
札幌,5,5,ジオパークカツキ,ビッグアーサー,-65.0,74.0,1036.0,-53.0,-260.0,286.0,,,1018.0,5.0
札幌,5,6,ハミングリップス,タワーオブロンドン,-68.0,-1702.0,-1035.0,-110.0,-1986.0,-1795.0,,,-6696.0,10.0
札幌,5,7,キャンドル,デクラレーションオブウォー,207.0,156.0,1254.0,165.0,554.0,1075.0,,,3411.0,4.0
札幌,5,8,アオイスミレ,アルバート,,-35.0,-166.0,-40.0,-4.0,158.0,,,-87.0,6.0
札幌,5,9,トスカ,ヘニーヒューズ,113.0,25.0,-417.0,212.0,-1117.0,-752.0,,,-1936.0,8.0
札幌,5,10,スマートライナー,グレーターロンドン,-80.0,542.0,1739.0,688.0,1666.0,1242.0,,,5797.0,2.0
札幌,5,11,ゲームチェンジャー,カレンブラックヒル,-67.0,333.0,-696.0,605.0,-491.0,-1405.0,,,-1721.0,7.0
札幌,5,12,タワーレイヴン,タワーオブロンドン,-68.0,-1702.0,-1035.0,-110.0,-1986.0,-1795.0,,,-6696.0,10.0
札幌,6,1,グローリーバローズ,サートゥルナーリア,-184.0,-10.0,28.0,-3016.0,685.0,-2661.0,-395.0,,-5553.0,13.0
札幌,6,2,タマモパルファン,サンダースノー,605.0,3456.0,-664.0,3139.0,2727.0,2869.0,-438.0,,11694.0,1.0
札幌,6,3,フラワーフェアリー,ヴァンセンヌ,,-254.0,-256.0,-154.0,-690.0,143.0,-147.0,,-1358.0,9.0
札幌,6,4,ヒャクレツケン,タリスマニック,104.0,113.0,-703.0,81.0,-34.0,-459.0,-1080.0,,-1978.0,10.0
札幌,6,5,レイナデルアイレ,レイデオロ,-70.0,2847.0,3468.0,-699.0,1962.0,-234.0,,,7274.0,2.0
札幌,6,6,ニシノシャルム,キタサンブラック,916.0,122.0,958.0,-143.0,1069.0,1362.0,1038.0,,5322.0,3.0
札幌,6,7,エアヴァイブス,コントレイル,118.0,-394.0,131.0,,96.0,-620.0,,,-669.0,8.0
札幌,6,8,エイシンキーンラン,エイシンヒカリ,291.0,828.0,190.0,391.0,845.0,770.0,278.0,,3593.0,4.0
札幌,6,9,シャルムグリーン,スワーヴリチャード,-225.0,1545.0,-1872.0,-1607.0,-2309.0,-2071.0,101.0,,-6438.0,14.0
札幌,6,10,ショウナンバーボン,サートゥルナーリア,-184.0,-10.0,28.0,-3016.0,685.0,-2661.0,-105.0,,-5263.0,12.0
札幌,6,11,サウンドファミリエ,シルバーステート,-127.0,-1281.0,2587.0,-462.0,-97.0,1278.0,-207.0,,1691.0,6.0
札幌,6,12,ヤマヤロード,アルアイン,-696.0,-1478.0,-138.0,-2430.0,571.0,-660.0,,,-4831.0,11.0
札幌,6,13,ランウェイミューズ,シルバーステート,-127.0,-1281.0,2587.0,-462.0,-97.0,1278.0,-207.0,,1691.0,6.0
札幌,6,14,アップターンデイ,ニューイヤーズデイ,-388.0,190.0,985.0,-135.0,1193.0,630.0,-231.0,,2244.0,5.0
札幌,7,1,メリザンド,サトノダイヤモンド,368.0,-483.0,-2004.0,-873.0,-488.0,-1050.0,,,-4530.0,9.0
札幌,7,2,エリナ,カリフォルニアクローム,-226.0,1410.0,823.0,908.0,-694.0,2271.0,1227.0,,5719.0,3.0
札幌,7,3,ミッキーテネシー,サートゥルナーリア,-184.0,-923.0,28.0,-3016.0,-2737.0,-2661.0,,,-9493.0,13.0
札幌,7,4,アンディムジーク,アドマイヤマーズ,-655.0,1679.0,-2057.0,24.0,513.0,-480.0,-1385.0,,-2361.0,7.0
札幌,7,5,エイカイコバチ,エピファネイア,-299.0,-7059.0,-3133.0,-3396.0,-2293.0,-4432.0,,,-20612.0,14.0
札幌,7,6,エトワールブーケ,キセキ,-166.0,,-1676.0,,-1128.0,-1695.0,,,-4665.0,11.0
札幌,7,7,ニシノエピカリ,フィエールマン,164.0,1210.0,2095.0,,876.0,1515.0,1119.0,,6979.0,2.0
札幌,7,8,ヴァーナリー,キタサンブラック,916.0,1656.0,958.0,654.0,499.0,1362.0,1038.0,,7083.0,1.0
札幌,7,9,アドマイヤシュラ,エピファネイア,-299.0,-7059.0,-3133.0,-3396.0,-2293.0,-4432.0,,,-20612.0,14.0
札幌,7,10,ドマーネ,ゴールドシップ,-36.0,-359.0,-664.0,796.0,-19.0,-1154.0,,,-1436.0,6.0
札幌,7,11,ディヒターリーベ,サートゥルナーリア,-184.0,-923.0,28.0,,-2737.0,-2661.0,-105.0,,-6582.0,12.0
札幌,7,12,エイトスターズ,ジャスタウェイ,292.0,-322.0,-817.0,-594.0,-1397.0,-309.0,209.0,,-2938.0,8.0
札幌,7,13,セットエトワール,シルバーステート,-127.0,109.0,2587.0,-462.0,277.0,1278.0,,,3662.0,4.0
札幌,7,14,キタノサリスカ,タイセイレジェンド,,208.0,,,34.0,-31.0,173.0,,384.0,5.0
札幌,7,15,ルージュスティーズ,ハービンジャー,23.0,-961.0,-1765.0,-236.0,-1583.0,-403.0,360.0,,-4565.0,10.0
札幌,8,1,フェニーチェドーロ,ナダル,-763.0,268.0,1069.0,,1034.0,-791.0,,,817.0,8.0
札幌,8,2,カリーン,デクラレーションオブウォー,207.0,323.0,-1216.0,-594.0,-1096.0,1075.0,-130.0,,-1431.0,10.0
札幌,8,3,ザハント,マジェスティックウォリアー,18.0,1761.0,396.0,314.0,49.0,339.0,,,2877.0,7.0
札幌,8,4,ファンタイムギフト,ドレフォン,453.0,3237.0,5315.0,1520.0,1879.0,3246.0,,,15650.0,3.0
札幌,8,5,タイセツナヒ,ホッコータルマエ,484.0,-621.0,1620.0,1329.0,1511.0,-5.0,,,4318.0,6.0
札幌,8,6,ビービーバザーク,シニスターミニスター,398.0,2445.0,6646.0,1768.0,4029.0,5699.0,,,20985.0,2.0
札幌,8,7,ヒロイックヴァース,ベンバトル,,45.0,-383.0,,727.0,130.0,,,519.0,9.0
札幌,8,8,ハイライトニング,リアルスティール,351.0,331.0,893.0,3343.0,1692.0,1651.0,,,8261.0,5.0
札幌,8,9,ロードアマルフィ,ルヴァンスレーヴ,954.0,5699.0,9332.0,8529.0,7661.0,8101.0,2073.0,,42349.0,1.0
札幌,8,10,ミスティマウンテン,サンダースノー,605.0,1139.0,3648.0,285.0,820.0,2869.0,-438.0,,8928.0,4.0
札幌,8,11,ピースフルワールド,マインドユアビスケッツ,-36.0,-2836.0,-290.0,-1427.0,-241.0,-1281.0,,,-6111.0,11.0
札幌,9,1,コスモハナミズキ,ウインブライト,367.0,-51.0,1641.0,598.0,294.0,1809.0,,,4658.0,2.0
札幌,9,2,アヴナント,ジャスタウェイ,292.0,189.0,-817.0,-188.0,-1397.0,-309.0,,,-2230.0,5.0
札幌,9,3,アヴィアトーレ,シスキン,-127.0,78.0,305.0,2774.0,1376.0,1565.0,,,5971.0,1.0
札幌,9,4,キャトルブランシュ,ウィルテイクチャージ,,,,,-86.0,-141.0,,,-227.0,4.0
札幌,9,5,ミラクルヴェリテ,タリスマニック,104.0,-240.0,-703.0,-1120.0,-463.0,-459.0,,,-2881.0,6.0
札幌,9,6,アゴルディーノ,エフフォーリア,,,,,,,,,,
札幌,9,7,ウインワーグナー,フィエールマン,164.0,-20.0,2095.0,-94.0,876.0,1515.0,,,4536.0,3.0
札幌,9,8,デアグランツ,サトノダイヤモンド,368.0,-989.0,-2004.0,646.0,-488.0,-1050.0,,,-3517.0,7.0
札幌,10,1,ガットネロ,アメリカンペイトリオット,-277.0,479.0,867.0,2083.0,-83.0,829.0,,,3898.0,6.0
札幌,10,2,セイプリーズ,ダイワメジャー,-143.0,-97.0,-573.0,-228.0,-638.0,-693.0,,,-2372.0,12.0
札幌,10,3,ムチャスグラシアス,カリフォルニアクローム,-226.0,1410.0,823.0,,3334.0,2271.0,,,7612.0,3.0
札幌,10,4,ブルボンクイーン,キズナ,-88.0,530.0,2619.0,947.0,-863.0,1509.0,,,4654.0,5.0
札幌,10,5,スムースベルベット,ディスクリートキャット,-122.0,220.0,1987.0,2333.0,2587.0,2361.0,,,9366.0,1.0
札幌,10,6,ブライティアダイヤ,サトノアラジン,-81.0,67.0,-149.0,-624.0,180.0,-1019.0,,,-1626.0,11.0
札幌,10,7,モズトキキ,グランプリボス,,-134.0,-78.0,-393.0,-65.0,95.0,115.0,,-460.0,9.0
札幌,10,8,グランテレーズ,シュヴァルグラン,113.0,-1907.0,-163.0,,-795.0,-886.0,,,-3638.0,14.0
札幌,10,9,ベニシア,ヘニーヒューズ,113.0,-750.0,-417.0,-2368.0,-1117.0,-752.0,,,-5291.0,15.0
札幌,10,10,メイショウミリオレ,ルーラーシップ,-123.0,-2528.0,-1112.0,-1793.0,849.0,-959.0,,,-5666.0,16.0
札幌,10,11,コックオーヴァン,ウインブライト,367.0,872.0,1641.0,488.0,1028.0,1809.0,,,6205.0,4.0
札幌,10,12,ハリウッドメモリー,ロードカナロア,114.0,198.0,-704.0,904.0,945.0,-1931.0,,,-474.0,10.0
札幌,10,13,ベビーズブレス,アドマイヤマーズ,-655.0,1679.0,-2057.0,,-1623.0,-480.0,,,-3136.0,13.0
札幌,10,14,ストレイトアスク,ロードカナロア,114.0,198.0,-704.0,1005.0,945.0,-1931.0,,,-373.0,8.0
札幌,10,15,ミニョンマルーン,ミスターメロディ,-311.0,-366.0,10.0,,691.0,58.0,,,82.0,7.0
札幌,10,16,エルサトアナ,カリフォルニアクローム,-226.0,1410.0,823.0,908.0,3334.0,2271.0,,,8520.0,2.0
札幌,11,1,プロミシングスター,マジェスティックウォリアー,18.0,1761.0,396.0,-68.0,49.0,339.0,,,2495.0,9.0
札幌,11,2,マンオブザマッチ,ファインニードル,-71.0,-171.0,-664.0,414.0,245.0,1299.0,-420.0,,632.0,11.0
札幌,11,3,キャットテイル,ディスクリートキャット,-122.0,220.0,958.0,499.0,18.0,2361.0,,,3934.0,7.0
札幌,11,4,ノーブルスカイ,ネオユニヴァース,0.0,-216.0,-136.0,-96.0,43.0,-107.0,3.0,,-509.0,13.0
札幌,11,5,ゲキザル,ザファクター,-20.0,212.0,32.0,799.0,-147.0,200.0,,,1076.0,10.0
札幌,11,6,レーウィン,ヘニーヒューズ,113.0,-750.0,-615.0,-2368.0,390.0,-752.0,-658.0,,-4640.0,14.0
札幌,11,7,セボンサデッセ,ルヴァンスレーヴ,954.0,5699.0,9332.0,,7661.0,8101.0,,,31747.0,1.0
札幌,11,8,トルショー,シニスターミニスター,398.0,2445.0,6646.0,1768.0,4029.0,5699.0,1489.0,,22474.0,3.0
札幌,11,9,キュールエフウジン,ホッコータルマエ,484.0,-621.0,1620.0,626.0,1511.0,-5.0,1178.0,,4793.0,6.0
札幌,11,10,モズカトレア,モズアスコット,499.0,-700.0,3010.0,,3044.0,1792.0,,,7645.0,5.0
札幌,11,11,アイウィル,ドレフォン,453.0,3237.0,5315.0,-526.0,1879.0,3246.0,,,13604.0,4.0
札幌,11,12,アスクケンタッキー,Good Magic,,815.0,928.0,0.0,216.0,739.0,164.0,,2862.0,8.0
札幌,11,13,ロードブレイズ,ロードカナロア,114.0,198.0,-292.0,1005.0,-1488.0,-1931.0,2426.0,,32.0,12.0
札幌,11,14,スマートカイロス,シニスターミニスター,398.0,2445.0,6646.0,1768.0,4029.0,5699.0,1847.0,,22832.0,2.0
札幌,12,1,ジャストビート,デクラレーションオブウォー,207.0,323.0,1254.0,750.0,1293.0,1075.0,-1325.0,,3577.0,4.0
札幌,12,2,テイクザクラウン,サトノクラウン,-372.0,1240.0,-1561.0,-946.0,1814.0,-755.0,,,-580.0,7.0
札幌,12,3,ジーティートシオー,バゴ,215.0,349.0,-1037.0,96.0,-851.0,-965.0,,,-2193.0,10.0
札幌,12,4,ペリプルス,ゴールドシップ,-36.0,-359.0,-664.0,-774.0,298.0,-1154.0,,,-2689.0,11.0
札幌,12,5,タケルフォーカス,サトノダイヤモンド,368.0,-483.0,-2004.0,-2260.0,-659.0,-1050.0,,,-6088.0,13.0
札幌,12,6,ブレイジングスター,モーニン,-59.0,1868.0,-479.0,889.0,-91.0,1887.0,727.0,,4742.0,2.0
札幌,12,7,ミッドタウンナイト,ブラックタイド,-293.0,-595.0,-912.0,-334.0,-397.0,384.0,,,-2147.0,9.0
札幌,12,8,バルドル,リオンリオン,,,35.0,,,343.0,,,378.0,5.0
札幌,12,9,ミッキーファルコン,エピファネイア,-299.0,-7059.0,-3133.0,-3396.0,-1068.0,-4432.0,-2285.0,,-21672.0,14.0
札幌,12,10,オブラプリーマ,ヴァンゴッホ,-79.0,457.0,-809.0,,,349.0,,,-82.0,6.0
札幌,12,11,サイモンイロハニー,ゴールドシップ,-36.0,-359.0,-664.0,796.0,298.0,-1154.0,,,-1119.0,8.0
札幌,12,12,アーレムアレス,ハービンジャー,23.0,-961.0,-1765.0,-654.0,-251.0,-403.0,,,-4011.0,12.0
札幌,12,13,シャインフリーリー,ウインブライト,367.0,872.0,1641.0,,22.0,1809.0,36.0,,4747.0,1.0
札幌,12,14,シャインバオバブ,シルバーステート,-127.0,109.0,2587.0,874.0,-176.0,1278.0,,,4545.0,3.0
新潟,1,1,ミライノシャチョウ,Liam's Map,-359.0,71.0,-79.0,-49.0,-12.0,-532.0,,,-960.0,5.0
新潟,1,2,ムーチョピカンテ,ダノンバラード,90.0,-367.0,224.0,524.0,608.0,1285.0,205.0,,2569.0,4.0
新潟,1,3,フルーツバスケット,モーリス,-521.0,-707.0,-1842.0,137.0,-1321.0,24.0,,,-4230.0,6.0
新潟,1,4,コナパームス,アドマイヤマーズ,-84.0,-1760.0,-2057.0,-451.0,513.0,-192.0,-1385.0,,-5416.0,8.0
新潟,1,5,スターマイン,ダノンスマッシュ,783.0,-1092.0,-731.0,-1598.0,-1120.0,-435.0,-130.0,,-4323.0,7.0
新潟,1,6,シュートザワークス,インディチャンプ,342.0,1391.0,869.0,1296.0,482.0,781.0,1370.0,,6531.0,2.0
新潟,1,7,オーラムミーティア,レイデオロ,1529.0,2847.0,3468.0,1776.0,348.0,2741.0,,,12709.0,1.0
新潟,1,8,マルガリート,ルーラーシップ,-461.0,638.0,-1112.0,-187.0,-4162.0,-1256.0,-744.0,,-7284.0,9.0
新潟,1,9,ドミナートル,グレーターロンドン,84.0,824.0,1739.0,688.0,155.0,276.0,-458.0,,3308.0,3.0
新潟,2,1,カナデルペガサス,ステルヴィオ,,,,,,,,,,
新潟,2,2,エコロブラン,ミスチヴィアスアレックス,906.0,2419.0,-462.0,2171.0,2186.0,2547.0,,,9767.0,1.0
新潟,2,3,ディーヴァソラーレ,サリオス,,,,,,,,,,
新潟,2,4,スナッチアップ,リオンディーズ,-416.0,35.0,-1403.0,304.0,-878.0,-1995.0,,,-4353.0,9.0
新潟,2,5,コスモベスケーデン,ベンバトル,-78.0,-25.0,1574.0,1180.0,435.0,1235.0,,,4321.0,3.0
新潟,2,6,マリノミステリアス,アドマイヤマーズ,-84.0,-514.0,-2057.0,-451.0,-1623.0,-192.0,,,-4921.0,10.0
新潟,2,7,オモチ,アドマイヤマーズ,-84.0,-514.0,-2057.0,-451.0,-1623.0,-192.0,,,-4921.0,10.0
新潟,2,8,マムダッドベル,ゴールドドリーム,-824.0,155.0,51.0,-629.0,-2809.0,-1656.0,,,-5712.0,12.0
新潟,2,9,テリオスブギ,インディチャンプ,342.0,-683.0,869.0,1296.0,800.0,781.0,,,3405.0,4.0
新潟,2,10,アルデラッシュ,ブリックスアンドモルタル,291.0,-1144.0,-744.0,-310.0,-1603.0,-255.0,,,-3765.0,8.0
新潟,2,11,アンナモエ,オメガパフューム,,,,,,,,,,
新潟,2,12,ウキ,ビッグアーサー,-46.0,74.0,1036.0,-53.0,-260.0,-1110.0,,,-359.0,6.0
新潟,2,13,ラインディーバ,マインドユアビスケッツ,350.0,663.0,561.0,585.0,552.0,1673.0,,,4384.0,2.0
新潟,2,14,ジーティーマルク,サートゥルナーリア,-520.0,-952.0,28.0,177.0,685.0,544.0,,,-38.0,5.0
新潟,2,15,ハチキンキリシマ,アメリカンペイトリオット,-686.0,-988.0,867.0,-742.0,-83.0,-1739.0,,,-3371.0,7.0
新潟,3,1,ルークスイテルム,マインドユアビスケッツ,350.0,663.0,561.0,585.0,-241.0,1673.0,,,3591.0,4.0
新潟,3,2,リボンロード,リオンディーズ,-416.0,35.0,-1403.0,304.0,-343.0,-1995.0,,,-3818.0,9.0
新潟,3,3,ケイジャーダ,グローリーヴェイズ,,,,,,,,,,
新潟,3,4,モナークスヴァラー,キズナ,405.0,-23.0,2619.0,686.0,2590.0,955.0,,,7232.0,1.0
新潟,3,5,ルバート,ルーラーシップ,-461.0,-411.0,-1112.0,-187.0,-4162.0,-1256.0,,,-7589.0,11.0
新潟,3,6,フォクセン,ハービンジャー,-841.0,240.0,-1765.0,-176.0,-1583.0,-2402.0,,,-6527.0,10.0
新潟,3,7,ケブラダラボジェラ,シルバーステート,113.0,219.0,2587.0,-163.0,277.0,-524.0,,,2509.0,5.0
新潟,3,8,リバーススイープ,シスキン,134.0,710.0,305.0,2774.0,1376.0,939.0,,,6238.0,2.0
新潟,3,9,コウサイリクリ,ウインブライト,-198.0,-777.0,1641.0,598.0,294.0,-555.0,,,1003.0,6.0
新潟,3,10,ピコベリー,モーリス,-521.0,273.0,-1842.0,137.0,-1321.0,24.0,,,-3250.0,8.0
新潟,3,11,キョウエイシャトル,アニマルキングダム,-270.0,-162.0,696.0,-919.0,1635.0,-701.0,,,279.0,7.0
新潟,3,12,イカルステソーロ,フィエールマン,358.0,567.0,2095.0,-94.0,876.0,744.0,,,4546.0,3.0
新潟,4,1,カフェプラウド,ドレフォン,-1034.0,1595.0,5315.0,2869.0,2469.0,1428.0,2395.0,,15037.0,1.0
新潟,4,2,ホットジュピター,スワーヴリチャード,-103.0,1545.0,-1118.0,-1607.0,-2309.0,-923.0,,,-4515.0,15.0
新潟,4,3,モーニンムスメ,モーニン,-140.0,971.0,2334.0,1159.0,932.0,-276.0,487.0,,5467.0,2.0
新潟,4,4,スマートレイナ,イスラボニータ,-306.0,2297.0,-33.0,762.0,2310.0,-395.0,,,4635.0,5.0
新潟,4,5,イナンナ,マジェスティックウォリアー,-455.0,-1942.0,396.0,258.0,197.0,87.0,-705.0,,-2164.0,13.0
新潟,4,6,ワンダーバリエンス,フィレンツェファイア,-157.0,-215.0,244.0,,-195.0,788.0,-46.0,,419.0,9.0
新潟,4,7,ヴェントベローチェ,ダノンプレミアム,48.0,248.0,-1053.0,,2261.0,-105.0,-284.0,,1115.0,8.0
新潟,4,8,ニンジャトットリ,ミッキーアイル,-388.0,518.0,-209.0,770.0,1555.0,1407.0,1409.0,,5062.0,4.0
新潟,4,9,ハンナパール,ミッキーグローリー,553.0,281.0,246.0,-51.0,619.0,918.0,,,2566.0,7.0
新潟,4,10,マジギレカレン,カレンブラックヒル,-132.0,-725.0,240.0,-840.0,-491.0,1067.0,,,-881.0,11.0
新潟,4,11,レオスキーム,ベストウォーリア,-208.0,-370.0,592.0,-30.0,398.0,-779.0,368.0,,-29.0,10.0
新潟,4,12,レイズレガシー,ロジャーバローズ,-413.0,-1022.0,-2477.0,-9.0,-516.0,426.0,-464.0,,-4475.0,14.0
新潟,4,13,ユニオンジャック,サトノアラジン,-270.0,-337.0,-1132.0,-740.0,180.0,-180.0,1081.0,,-1398.0,12.0
新潟,4,14,バターショコラ,マインドユアビスケッツ,350.0,1338.0,-290.0,-222.0,552.0,1673.0,-83.0,,3318.0,6.0
新潟,4,15,ロンバスブレス,イスラボニータ,-306.0,2297.0,-33.0,762.0,2310.0,-395.0,594.0,,5229.0,3.0
新潟,5,1,スタートレイン,キタサンブラック,-423.0,1656.0,958.0,-143.0,1069.0,-194.0,,,2923.0,5.0
新潟,5,2,モティスフォント,モーリス,-521.0,-2563.0,-1842.0,-1526.0,-2479.0,24.0,,,-8907.0,15.0
新潟,5,3,ココボロ,ビッグアーサー,-46.0,1234.0,1036.0,2478.0,-260.0,-1110.0,-1156.0,,2176.0,6.0
新潟,5,4,ウフドゥウフ,エピファネイア,-504.0,-7059.0,-3133.0,-2552.0,-2550.0,-899.0,-4399.0,,-21096.0,18.0
新潟,5,5,デスサイズ,シスキン,134.0,-299.0,305.0,-614.0,1055.0,939.0,1615.0,,3135.0,3.0
新潟,5,6,シュペルリング,シスキン,134.0,-299.0,305.0,-614.0,1055.0,939.0,,,1520.0,7.0
新潟,5,7,ミスターマーボー,シュヴァルグラン,614.0,-1907.0,-163.0,80.0,-795.0,-784.0,874.0,,-2081.0,11.0
新潟,5,8,ベレーバスク,ベンバトル,-78.0,45.0,1574.0,,435.0,1235.0,-218.0,,2993.0,4.0
新潟,5,9,ポタリング,ノーブルミッション,-1226.0,-834.0,-4229.0,,-3213.0,-2824.0,-489.0,,-12815.0,16.0
新潟,5,10,ヤマメライズ,サートゥルナーリア,-520.0,-923.0,28.0,-3016.0,685.0,544.0,-105.0,,-3307.0,14.0
新潟,5,11,デルマケセラセラ,リオンディーズ,-416.0,61.0,-1403.0,1115.0,-878.0,-1995.0,638.0,,-2878.0,13.0
新潟,5,12,シャオママル,アルアイン,323.0,1341.0,-138.0,-2430.0,571.0,-1383.0,,,-1716.0,10.0
新潟,5,13,ノーブルクロンヌ,フィエールマン,358.0,1210.0,2095.0,2611.0,1282.0,744.0,1119.0,,9419.0,1.0
新潟,5,14,リーデレクオーレ,アルアイン,323.0,1341.0,-138.0,-2430.0,571.0,-1383.0,-1144.0,,-2860.0,12.0
新潟,5,15,グリオンヴール,エピファネイア,-504.0,-7059.0,-3133.0,-3396.0,-2550.0,-899.0,,,-17541.0,17.0
新潟,5,16,エバーラスト,ミスターメロディ,-904.0,-366.0,10.0,1134.0,691.0,-686.0,-992.0,,-1113.0,9.0
新潟,5,17,フェーダーローター,ベンバトル,-78.0,45.0,1574.0,,435.0,1235.0,286.0,,3497.0,2.0
新潟,5,18,カシオペア,ビッグアーサー,-46.0,1234.0,1036.0,-19.0,-260.0,-1110.0,,,835.0,8.0
新潟,6,1,ダノンピクチャー,ドゥラメンテ,-26.0,-2106.0,-1443.0,-518.0,-1524.0,-1116.0,-1889.0,,-8622.0,14.0
新潟,6,2,プリズマジコ,キズナ,405.0,530.0,2619.0,947.0,2590.0,955.0,3684.0,,11730.0,2.0
新潟,6,3,ゴールデンパゴーダ,バゴ,-455.0,349.0,-1037.0,-2389.0,-913.0,-773.0,-330.0,,-5548.0,12.0
新潟,6,4,ランツフート,ブリックスアンドモルタル,291.0,-271.0,-744.0,-2453.0,326.0,-255.0,1568.0,,-1538.0,10.0
新潟,6,5,ロードフィレール,キズナ,405.0,530.0,2619.0,1369.0,2590.0,955.0,3684.0,,12152.0,1.0
新潟,6,6,ファーングロット,キズナ,405.0,530.0,2619.0,622.0,2590.0,955.0,-374.0,,7347.0,3.0
新潟,6,7,サミダレナイツ,トーホウジャッカル,-20.0,116.0,-31.0,-49.0,-59.0,84.0,244.0,,285.0,7.0
新潟,6,8,ビップチェイス,アルアイン,323.0,1341.0,-138.0,,-2008.0,-1383.0,481.0,,-1384.0,9.0
新潟,6,9,キングズトゥルー,ウインブライト,-198.0,872.0,1641.0,,294.0,-555.0,80.0,,2134.0,6.0
新潟,6,10,バンフィエルド,オルフェーヴル,256.0,116.0,-238.0,175.0,505.0,-1024.0,282.0,,72.0,8.0
新潟,6,11,オールマイデイズ,リアルスティール,-442.0,331.0,1603.0,-2289.0,1692.0,712.0,869.0,,2476.0,5.0
新潟,6,12,ブラックオリンピア,キタサンブラック,-423.0,1656.0,958.0,-143.0,499.0,-194.0,1569.0,,3922.0,4.0
新潟,6,13,パッションリッチ,ドゥラメンテ,-26.0,-2106.0,-1443.0,-518.0,-1524.0,-1116.0,-1055.0,,-7788.0,13.0
新潟,6,14,ズイウンゴサイ,シュヴァルグラン,614.0,-1907.0,-163.0,,-1241.0,-784.0,874.0,,-2607.0,11.0
新潟,7,1,アメリカンチケット,Justify,28.0,-320.0,-428.0,-84.0,-217.0,241.0,99.0,,-681.0,11.0
新潟,7,2,クリノオリーブ,ニューイヤーズデイ,789.0,189.0,643.0,,1193.0,1023.0,-982.0,,2855.0,6.0
新潟,7,3,ペレグリン,バンブーエール,64.0,-202.0,375.0,,670.0,208.0,,,1115.0,8.0
新潟,7,4,ライトニングゼウス,ダンカーク,8.0,-531.0,-40.0,-655.0,-357.0,-65.0,,,-1640.0,12.0
新潟,7,5,ワークソング,モーニン,-140.0,1868.0,2334.0,,932.0,-276.0,487.0,,5205.0,4.0
新潟,7,6,ハクサンアイリス,ハクサンムーン,-254.0,194.0,44.0,229.0,328.0,-51.0,,,490.0,9.0
新潟,7,7,エンヤラヴフェイス,エイシンヒカリ,18.0,3.0,462.0,399.0,845.0,-132.0,,,1595.0,7.0
新潟,7,8,スプランドゥール,シルバーステート,113.0,109.0,-2374.0,-664.0,-97.0,-524.0,-207.0,,-3644.0,13.0
新潟,7,9,イノセントキャット,シュヴァルグラン,614.0,-1907.0,-1904.0,,-795.0,-784.0,-953.0,,-5729.0,14.0
新潟,7,10,フウセツ,サンダースノー,-220.0,1139.0,3648.0,285.0,2727.0,297.0,2652.0,,10528.0,2.0
新潟,7,11,ヴェロクオーレ,ドゥラメンテ,-26.0,-2106.0,-2098.0,-4534.0,-2917.0,-1116.0,-1055.0,,-13852.0,15.0
新潟,7,12,ビバップ,モーニン,-140.0,1868.0,2334.0,,932.0,-276.0,,,4718.0,5.0
新潟,7,13,スノーサイレンス,サンダースノー,-220.0,1139.0,3648.0,285.0,2727.0,297.0,-438.0,,7438.0,3.0
新潟,7,14,パラサイコロジー,モズアスコット,2442.0,-700.0,3010.0,,3566.0,4784.0,-1692.0,,11410.0,1.0
新潟,7,15,イリフィ,Too Darn Hot,0.0,199.0,-14.0,-236.0,222.0,-242.0,166.0,,95.0,10.0
新潟,8,1,プルメリアクヒオ,ホッコータルマエ,345.0,-621.0,1620.0,626.0,1511.0,1684.0,1178.0,,6343.0,2.0
新潟,8,2,インディヴァイン,インディチャンプ,342.0,23.0,448.0,,482.0,781.0,1370.0,,3446.0,5.0
新潟,8,3,ルーナディサングエ,リアルスティール,-442.0,331.0,893.0,3343.0,1692.0,712.0,,,6529.0,1.0
新潟,8,4,レボルシオン,キタサンブラック,-423.0,1656.0,-104.0,2859.0,499.0,-194.0,1038.0,,5331.0,4.0
新潟,8,5,ヨドノタイヨウ,ミッキーロケット,-105.0,370.0,-160.0,1238.0,580.0,-417.0,,,1506.0,6.0
新潟,8,6,ベストブラザーズ,キセキ,-414.0,,-702.0,,-1128.0,-731.0,,,-2975.0,11.0
新潟,8,7,ノーブルアクト,マクフィ,337.0,-297.0,-583.0,-33.0,-448.0,251.0,-1588.0,,-2361.0,10.0
新潟,8,8,インナーパッション,キズナ,405.0,530.0,-72.0,1369.0,2590.0,955.0,,,5777.0,3.0
新潟,8,9,ジェイエルモーダル,デクラレーションオブウォー,306.0,323.0,-1216.0,750.0,-1096.0,-642.0,-130.0,,-1705.0,8.0
新潟,8,10,シュガーハイ,リオンディーズ,-416.0,61.0,183.0,1115.0,-343.0,-1995.0,-1725.0,,-3120.0,12.0
新潟,8,11,アンシュウマト,マクフィ,337.0,-297.0,-583.0,-1344.0,-448.0,251.0,-1588.0,,-3672.0,15.0
新潟,8,12,グランドスウェル,サトノダイヤモンド,617.0,-483.0,973.0,-2260.0,-488.0,-169.0,,,-1810.0,9.0
新潟,8,13,スターチスブーケ,Practical Joke,110.0,431.0,-234.0,598.0,502.0,-116.0,-138.0,,1153.0,7.0
新潟,8,14,ターフクリスタル,インカンテーション,-249.0,-825.0,-733.0,-69.0,-430.0,-502.0,-410.0,,-3218.0,13.0
新潟,8,15,オンサイト,アドミラブル,-220.0,-1104.0,-944.0,-74.0,-632.0,-509.0,-98.0,,-3581.0,14.0
新潟,9,1,シャンデルナゴル,サトノダイヤモンド,617.0,-989.0,969.0,2852.0,-659.0,-169.0,1142.0,,3763.0,1.0
新潟,9,2,アメリカンピース,Tapit,-92.0,-81.0,37.0,-166.0,-140.0,-4.0,-303.0,,-749.0,6.0
新潟,9,3,ローンウルフ,リアルインパクト,-376.0,-1005.0,-230.0,-942.0,-499.0,-575.0,-108.0,,-3735.0,9.0
新潟,9,4,ブラックボイス,ブラックタイド,-277.0,-239.0,-274.0,-282.0,-397.0,-299.0,-233.0,,-2001.0,8.0
新潟,9,5,セイウンパシュート,ハーツクライ,-104.0,-493.0,-141.0,-1123.0,-861.0,-694.0,-1117.0,,-4533.0,10.0
新潟,9,6,プラチナドリーム,ホッコータルマエ,345.0,137.0,-545.0,626.0,-441.0,1684.0,1178.0,,2984.0,3.0
新潟,9,7,ビーンスターク,ロジャーバローズ,-413.0,-196.0,105.0,,-572.0,426.0,-695.0,,-1345.0,7.0
新潟,9,8,ローディアマント,サトノダイヤモンド,617.0,-989.0,969.0,2852.0,-659.0,-169.0,-1294.0,,1327.0,4.0
新潟,9,9,ピーターサイト,ワンアンドオンリー,,,,,,,,,,
新潟,9,10,パープルアドミラル,シビルウォー,-120.0,298.0,124.0,-131.0,293.0,39.0,11.0,,514.0,5.0
新潟,9,11,ヴェールランス,キタサンブラック,-423.0,-616.0,689.0,2859.0,157.0,-194.0,1038.0,,3510.0,2.0
新潟,10,1,イデアクリスタル,ホークビル,94.0,96.0,-982.0,299.0,297.0,-298.0,445.0,,-49.0,9.0
新潟,10,2,ブルーリファール,ブラックタイド,-277.0,351.0,1095.0,295.0,641.0,-299.0,,,1806.0,6.0
新潟,10,3,マイネルシュラハト,ベンバトル,-78.0,1307.0,-383.0,,727.0,1235.0,286.0,,3094.0,5.0
新潟,10,4,サンタピア,ルヴァンスレーヴ,-648.0,-185.0,9332.0,8529.0,7661.0,2664.0,3010.0,,30363.0,1.0
新潟,10,5,エターナルホープ,エピカリス,,,,,,,,,,
新潟,10,6,クライナリーゼ,カレンブラックヒル,-132.0,-725.0,240.0,-840.0,129.0,1067.0,-648.0,,-909.0,11.0
新潟,10,7,パワポケグッド,インカンテーション,-249.0,-176.0,-733.0,-69.0,-430.0,-502.0,-410.0,,-2569.0,13.0
新潟,10,8,オーシャンミューズ,ニューイヤーズデイ,789.0,190.0,643.0,-135.0,261.0,1023.0,-982.0,,1789.0,7.0
新潟,10,9,マーチンゲール,シニスターミニスター,177.0,2541.0,6646.0,2818.0,4029.0,1091.0,,,17302.0,2.0
新潟,10,10,ダノンオンザビート,キタサンブラック,-423.0,122.0,-104.0,-143.0,499.0,-194.0,,,-243.0,10.0
新潟,10,11,ニシノロッドマン,リーチザクラウン,89.0,-304.0,-312.0,28.0,-102.0,-238.0,-89.0,,-928.0,12.0
新潟,10,12,レジェルテ,シュヴァルグラン,614.0,-789.0,-1904.0,80.0,-1241.0,-784.0,-953.0,,-4977.0,14.0
新潟,10,13,コールリッジ,アルバート,-2.0,201.0,199.0,-102.0,-19.0,-182.0,708.0,,803.0,8.0
新潟,10,14,ナツミカンチャン,シニスターミニスター,177.0,2541.0,6646.0,2818.0,4029.0,1091.0,,,17302.0,2.0
新潟,10,15,ジューンマーチ,ミッキーアイル,-388.0,518.0,-209.0,770.0,194.0,1407.0,1409.0,,3701.0,4.0
新潟,11,1,ジーティーソレイユ,キタサンブラック,-423.0,122.0,958.0,-143.0,1069.0,-194.0,1569.0,,2958.0,7.0
新潟,11,2,コンフィアンサ,ミスターメロディ,-904.0,2.0,10.0,1134.0,691.0,-686.0,,,247.0,10.0
新潟,11,3,ミヤカグラ,イスラボニータ,-306.0,2297.0,2755.0,762.0,2310.0,-395.0,594.0,,8017.0,2.0
新潟,11,4,スーホ,モーリス,-521.0,-707.0,-1842.0,-1490.0,-2479.0,24.0,-598.0,,-7613.0,18.0
新潟,11,5,アルティーノ,アルアイン,323.0,-1478.0,-138.0,-2430.0,571.0,-1383.0,481.0,,-4054.0,17.0
新潟,11,6,リュウセイコウテイ,ウインブライト,-198.0,1791.0,1641.0,488.0,1028.0,-555.0,80.0,,4275.0,4.0
新潟,11,7,スタンダールロマン,キタサンブラック,-423.0,122.0,958.0,-143.0,1069.0,-194.0,1569.0,,2958.0,7.0
新潟,11,8,メーレスブリーゼ,ゴールドシップ,1009.0,-923.0,-664.0,-890.0,-1465.0,-185.0,,,-3118.0,16.0
新潟,11,9,ダイユウヴェンティ,サートゥルナーリア,-520.0,-10.0,28.0,-3016.0,685.0,544.0,-395.0,,-2684.0,13.0
新潟,11,10,ソレム,Sottsass,-83.0,-829.0,-182.0,-157.0,-249.0,94.0,,,-1406.0,12.0
新潟,11,11,シャルマンナナ,モズアスコット,2442.0,3811.0,3755.0,2625.0,3566.0,4784.0,2534.0,,23517.0,1.0
新潟,11,12,リナシタ,ダノンスマッシュ,783.0,-1092.0,-731.0,,-677.0,-435.0,-785.0,,-2937.0,15.0
新潟,11,13,エレクトロン,ビーチパトロール,87.0,-245.0,595.0,492.0,-1103.0,29.0,731.0,,586.0,9.0
新潟,11,14,ユアベストダンサー,マインドユアビスケッツ,350.0,1338.0,561.0,-222.0,552.0,1673.0,,,4252.0,5.0
新潟,11,15,メインテーマ,サートゥルナーリア,-520.0,-10.0,28.0,-3016.0,685.0,544.0,-395.0,,-2684.0,13.0
新潟,11,16,ルディドゥゲンジ,ファインニードル,-129.0,453.0,1382.0,594.0,962.0,-19.0,,,3243.0,6.0
新潟,11,17,カゼノオモイデ,イスラボニータ,-306.0,2297.0,2755.0,762.0,2310.0,-395.0,594.0,,8017.0,2.0
新潟,11,18,ラウンドヒル,ベストウォーリア,-208.0,-370.0,342.0,-30.0,398.0,-779.0,368.0,,-279.0,11.0
新潟,12,1,ソニックブーム,リアルスティール,-442.0,1582.0,1603.0,3343.0,1692.0,712.0,869.0,,9359.0,6.0
新潟,12,2,サマーナジュム,キズナ,405.0,2090.0,2619.0,1369.0,2590.0,955.0,3684.0,,13712.0,2.0
新潟,12,3,イノーマル,コントレイル,-40.0,-394.0,131.0,,-419.0,244.0,,,-478.0,12.0
新潟,12,4,カドドゥディエ,クラウンレガーロ,-166.0,-92.0,-249.0,,,-249.0,,,-756.0,13.0
新潟,12,5,ラグアイリータ,ウインブライト,-198.0,1791.0,1641.0,488.0,294.0,-555.0,36.0,,3497.0,11.0
新潟,12,6,ナムラオリガミ,アルアイン,323.0,-1478.0,-138.0,-2430.0,-2008.0,-1383.0,,,-7114.0,18.0
新潟,12,7,モーブプリエール,サートゥルナーリア,-520.0,-10.0,28.0,-3016.0,-2737.0,544.0,-105.0,,-5816.0,17.0
新潟,12,8,キコリータ,レイデオロ,1529.0,2847.0,3468.0,-699.0,348.0,2741.0,2070.0,,12304.0,3.0
新潟,12,9,セレスティアハート,モズアスコット,2442.0,3811.0,3755.0,2625.0,3044.0,4784.0,,,20461.0,1.0
新潟,12,10,アドマイヤフク,アドマイヤマーズ,-84.0,-1760.0,-2057.0,24.0,513.0,-192.0,,,-3556.0,16.0
新潟,12,11,スノーエルヴァ,フィエールマン,358.0,471.0,2095.0,2611.0,876.0,744.0,,,7155.0,7.0
新潟,12,12,コスモペンタス,ベンバトル,-78.0,1307.0,1574.0,,727.0,1235.0,,,4765.0,10.0
新潟,12,13,セキテイリノ,サトノダイヤモンド,617.0,1095.0,-2004.0,-2260.0,-488.0,-169.0,,,-3209.0,15.0
新潟,12,14,キリスパークル,ディーマジェスティ,608.0,1859.0,-410.0,1911.0,750.0,298.0,,,5016.0,9.0
新潟,12,15,アマンヘセル,キズナ,405.0,2090.0,2619.0,1369.0,2590.0,955.0,,,10028.0,5.0
新潟,12,16,モストロ,インディチャンプ,342.0,1391.0,869.0,,482.0,781.0,1370.0,,5235.0,8.0
新潟,12,17,エラガバリウム,レイデオロ,1529.0,2847.0,3468.0,-699.0,348.0,2741.0,,,10234.0,4.0
新潟,12,18,フォーエバーラブ,ミスターメロディ,-904.0,2.0,10.0,1134.0,-1707.0,-686.0,,,-2151.0,14.0
中京,1,1,アイゼンフォルク,ブリックスアンドモルタル,112.0,718.0,-1580.0,-310.0,-1603.0,-255.0,,,-2918.0,12.0
中京,1,2,タイセイルミナス,ロードカナロア,-420.0,-653.0,-292.0,-1094.0,945.0,532.0,2426.0,,1444.0,7.0
中京,1,3,マルモタワー,タワーオブロンドン,-693.0,448.0,-921.0,-110.0,-1986.0,-586.0,-816.0,,-4664.0,13.0
中京,1,4,タガノレクシア,マテラスカイ,94.0,-202.0,-432.0,-261.0,108.0,-1215.0,,,-1908.0,10.0
中京,1,5,ルガルデ,Munnings,119.0,284.0,163.0,540.0,763.0,500.0,,,2369.0,4.0
中京,1,6,マルモリマイベスト,ゴールドアクター,-68.0,1006.0,254.0,505.0,135.0,442.0,724.0,,2998.0,3.0
中京,1,7,スピーディスピン,アジアエクスプレス,348.0,-659.0,1453.0,-555.0,869.0,112.0,,,1568.0,5.0
中京,1,8,ソリドゥス,アジアエクスプレス,348.0,-659.0,1453.0,-555.0,869.0,112.0,,,1568.0,5.0
中京,1,9,アイシテルヨナオミ,マインドユアビスケッツ,-729.0,1338.0,-290.0,585.0,552.0,1673.0,-59.0,,3070.0,2.0
中京,1,10,シャインロード,タワーオブロンドン,-693.0,448.0,-921.0,-110.0,-1986.0,-586.0,-816.0,,-4664.0,13.0
中京,1,11,クリコキアナ,サリオス,,,,,,,,,,
中京,1,12,ラブシンフォニー,インカンテーション,34.0,-176.0,-733.0,-337.0,-386.0,-502.0,,,-2100.0,11.0
中京,1,13,エコログレイス,Flameaway,,,,,,,,,,
中京,1,14,ブレイズカルナバル,フィレンツェファイア,-630.0,-215.0,244.0,-745.0,-195.0,788.0,,,-753.0,8.0
中京,1,15,ブラックミューズ,ミスターメロディ,598.0,2.0,-949.0,-1255.0,691.0,-686.0,,,-1599.0,9.0
中京,1,16,スマートポーション,カリフォルニアクローム,-290.0,2027.0,1351.0,-431.0,3334.0,-553.0,-314.0,,5124.0,1.0
中京,2,1,リアンマカ,マインドユアビスケッツ,-729.0,1338.0,561.0,-222.0,552.0,1673.0,-59.0,,3114.0,6.0
中京,2,2,ビケイムフリー,サートゥルナーリア,569.0,-10.0,28.0,-3016.0,685.0,544.0,-105.0,,-1305.0,10.0
中京,2,3,ノーブルラホーヤ,ダノンキングリー,-69.0,113.0,-130.0,,595.0,218.0,-103.0,,624.0,7.0
中京,2,4,リフルフォース,ロードカナロア,-420.0,-653.0,-704.0,-756.0,945.0,532.0,-518.0,,-1574.0,12.0
中京,2,5,シバノパージャン,シスキン,268.0,2384.0,305.0,-614.0,1055.0,939.0,258.0,,4595.0,3.0
中京,2,6,トウカイジーク,マクフィ,-476.0,-1525.0,-256.0,-1344.0,-329.0,251.0,-1588.0,,-5267.0,14.0
中京,2,7,ヤマニンアレシス,イスラボニータ,-295.0,2297.0,2755.0,762.0,2310.0,-395.0,,,7434.0,1.0
中京,2,8,チャンピオンロード,St Mark's Basilica,-166.0,36.0,10.0,,110.0,106.0,,,96.0,8.0
中京,2,9,アンガーザガール,リオンディーズ,-508.0,-2276.0,-1403.0,-2090.0,-878.0,-1995.0,-1725.0,,-10875.0,15.0
中京,2,10,ショウナンライラ,サートゥルナーリア,569.0,-10.0,28.0,-3016.0,685.0,544.0,-105.0,,-1305.0,10.0
中京,2,11,ベルフィーノ,カレンブラックヒル,414.0,-725.0,-696.0,-840.0,-491.0,1067.0,-648.0,,-1919.0,13.0
中京,2,12,キュールエサクラコ,オルフェーヴル,-574.0,1462.0,-238.0,686.0,-1175.0,-1024.0,,,-863.0,9.0
中京,2,13,デルニエジョイ,シスキン,268.0,2384.0,305.0,-614.0,1055.0,939.0,258.0,,4595.0,3.0
中京,2,14,モカプウイング,マインドユアビスケッツ,-729.0,1338.0,561.0,-222.0,552.0,1673.0,,,3173.0,5.0
中京,2,15,グッデイ,フィエールマン,403.0,471.0,2095.0,2611.0,1282.0,744.0,-760.0,,6846.0,2.0
中京,3,1,リアルカムイ,フォーウィールドライブ,1015.0,-263.0,1082.0,1492.0,3272.0,2628.0,,,9226.0,1.0
中京,3,2,ステラヴェント,ミッキーロケット,-217.0,125.0,617.0,95.0,211.0,-417.0,,,414.0,3.0
中京,3,3,セイウンマイラヴ,カラヴァッジオ,-332.0,-113.0,-528.0,-38.0,-264.0,-409.0,,,-1684.0,4.0
中京,3,4,ピコキング,Nashville,,,,,,,,,,
中京,3,5,スクールディーヴァ,ダノンキングリー,-69.0,346.0,-130.0,454.0,595.0,218.0,,,1414.0,2.0
中京,3,6,コルベータ,モーリス,-1148.0,273.0,-1842.0,137.0,-2479.0,24.0,,,-5035.0,6.0
中京,3,7,レットミーゴー,ブリックスアンドモルタル,112.0,-1144.0,-744.0,-310.0,-1603.0,-255.0,,,-3944.0,5.0
中京,4,1,アンリミテッド,キズナ,1234.0,2090.0,2619.0,1369.0,-863.0,955.0,3684.0,,11088.0,3.0
中京,4,2,アイルトン,ダノンスマッシュ,-474.0,-1092.0,-731.0,,-677.0,-435.0,-130.0,,-3539.0,12.0
中京,4,3,ペアピーターソン,アスクピーターパン,,-166.0,-249.0,,-249.0,-83.0,-83.0,,-830.0,10.0
中京,4,4,パトローナス,フィエールマン,403.0,471.0,2095.0,2611.0,1282.0,744.0,1119.0,,8725.0,5.0
中京,4,5,ルナカカオ,モズアスコット,1460.0,3811.0,3755.0,2625.0,3566.0,4784.0,,,20001.0,1.0
中京,4,6,スワトウ,アルアイン,33.0,-1478.0,-138.0,-2430.0,571.0,-1383.0,481.0,,-4344.0,13.0
中京,4,7,ロングジーニアス,ベンバトル,168.0,1307.0,1574.0,,435.0,1235.0,-218.0,,4501.0,7.0
中京,4,8,ハピネスサンライズ,ダノンスマッシュ,-474.0,-1092.0,-731.0,,-677.0,-435.0,,,-3409.0,11.0
中京,4,9,ヴィーラー,コントレイル,104.0,-394.0,131.0,,96.0,244.0,-399.0,,-218.0,9.0
中京,4,10,ルージュエテルナ,エピファネイア,-890.0,-1162.0,-3133.0,-3396.0,-2550.0,-899.0,-4399.0,,-16429.0,14.0
中京,4,11,リーガルスプレンダ,サトノアラジン,837.0,-337.0,-149.0,-740.0,180.0,-180.0,1081.0,,692.0,8.0
中京,4,12,リントゥラウル,キズナ,1234.0,2090.0,2619.0,1369.0,-863.0,955.0,3684.0,,11088.0,3.0
中京,4,13,パノラマステージ,レイデオロ,-486.0,2847.0,3468.0,-699.0,1962.0,2741.0,2070.0,,11903.0,2.0
中京,4,14,モンシーク,スクリーンヒーロー,1.0,497.0,2284.0,1342.0,804.0,483.0,1114.0,,6525.0,6.0
中京,5,1,ノヴァレジーナ,アメリカンペイトリオット,168.0,-1521.0,-1683.0,-1602.0,-622.0,-1739.0,-1117.0,,-8116.0,15.0
中京,5,2,メイショウプレマ,リオンディーズ,-508.0,-2276.0,183.0,-2090.0,-343.0,-1995.0,,,-7029.0,13.0
中京,5,3,キミガスキダ,ドレフォン,1006.0,1595.0,5315.0,2869.0,1879.0,1428.0,-740.0,,13352.0,1.0
中京,5,4,アティラン,ヴァンゴッホ,-394.0,-1291.0,-483.0,,1090.0,-1389.0,,,-2467.0,11.0
中京,5,5,ブライトココナッツ,オルフェーヴル,-574.0,1462.0,-133.0,686.0,505.0,-1024.0,282.0,,1204.0,9.0
中京,5,6,エレーデサンライズ,エピファネイア,-890.0,-1162.0,-2324.0,-3396.0,-2293.0,-899.0,-2285.0,,-13249.0,16.0
中京,5,7,アキノビューティー,ゴールドドリーム,-46.0,-1742.0,-1839.0,-984.0,534.0,-1656.0,-1374.0,,-7107.0,14.0
中京,5,8,ピンクカメリア,リアルスティール,47.0,1582.0,893.0,3343.0,1692.0,712.0,,,8269.0,4.0
中京,5,9,パーフェクトパティ,アメリカンペイトリオット,168.0,-1521.0,-1683.0,-1602.0,-622.0,-1739.0,,,-6999.0,12.0
中京,5,10,クレスコフェーヴ,オルフェーヴル,-574.0,1462.0,-133.0,686.0,505.0,-1024.0,988.0,,1910.0,7.0
中京,5,11,ベイニーニャ,アドマイヤマーズ,174.0,-1760.0,1725.0,24.0,513.0,-192.0,-1385.0,,-901.0,10.0
中京,5,12,ショルタメンテ,ニューイヤーズデイ,796.0,190.0,643.0,-135.0,261.0,1023.0,-982.0,,1796.0,8.0
中京,5,13,フローマジック,リアルスティール,47.0,1582.0,893.0,3343.0,1692.0,712.0,,,8269.0,4.0
中京,5,14,グランビスタ,ドレフォン,1006.0,1595.0,5315.0,2869.0,1879.0,1428.0,-740.0,,13352.0,1.0
中京,5,15,ウォーターコトノハ,ゴールドアクター,-68.0,1006.0,254.0,1115.0,2060.0,442.0,724.0,,5533.0,6.0
中京,5,16,マルベック,ホッコータルマエ,588.0,1436.0,1620.0,1329.0,1511.0,1684.0,842.0,,9010.0,3.0
中京,6,1,モンテディアーナ,ドレフォン,1006.0,3237.0,-679.0,1520.0,2469.0,1428.0,,,8981.0,1.0
中京,6,2,ハルオーブ,ディーマジェスティ,-12.0,-79.0,-410.0,-1276.0,560.0,298.0,,,-919.0,6.0
中京,6,3,ヒーローインチーフ,ディスクリートキャット,331.0,220.0,1987.0,2333.0,2587.0,263.0,,,7721.0,2.0
中京,6,4,モンサンゴールデン,シルバーステート,624.0,109.0,2587.0,-462.0,-97.0,-524.0,,,2237.0,3.0
中京,6,5,パリコレジェンヌ,ミスターメロディ,598.0,-366.0,10.0,,691.0,-686.0,,,247.0,5.0
中京,6,6,タミゼ,リオンディーズ,-508.0,61.0,-1403.0,-1511.0,-878.0,-1995.0,-1725.0,,-7959.0,11.0
中京,6,7,トップアタック,サトノダイヤモンド,-1399.0,-483.0,-2004.0,-2260.0,302.0,-169.0,,,-6013.0,10.0
中京,6,8,ファイツオン,アルアイン,33.0,1341.0,-138.0,,571.0,-1383.0,,,424.0,4.0
中京,6,9,シラヌイ,フィレンツェファイア,-630.0,-394.0,-1385.0,,-195.0,788.0,,,-1816.0,7.0
中京,6,10,フォーゲル,アルアイン,33.0,1341.0,-138.0,-2430.0,571.0,-1383.0,,,-2006.0,8.0
中京,6,11,インフローレ,リオンディーズ,-508.0,61.0,-1403.0,1115.0,-878.0,-1995.0,,,-3608.0,9.0
中京,7,1,アラタマフェーヴル,オルフェーヴル,-574.0,116.0,-238.0,175.0,505.0,-1024.0,988.0,,-52.0,3.0
中京,7,2,シンゼンカガ,トーセンラー,123.0,55.0,1011.0,206.0,-265.0,175.0,,,1305.0,2.0
中京,7,3,ドットクルー,ディーマジェスティ,-12.0,-79.0,-410.0,-1276.0,750.0,298.0,65.0,,-664.0,4.0
中京,7,4,ダノンジャイアン,ブリックスアンドモルタル,112.0,-271.0,-744.0,-2453.0,326.0,-255.0,-2854.0,,-6139.0,7.0
中京,7,5,バッデレイト,サトノダイヤモンド,-1399.0,-483.0,-2004.0,2852.0,-488.0,-169.0,,,-1691.0,6.0
中京,7,6,キーパフォーマー,キタサンブラック,248.0,1656.0,958.0,2859.0,499.0,-194.0,1569.0,,7595.0,1.0
中京,7,7,フィオレストラーダ,エピファネイア,-890.0,-7059.0,-3133.0,-2552.0,-2293.0,-899.0,,,-16826.0,8.0
中京,7,8,カクウチ,アドマイヤマーズ,174.0,1679.0,-2057.0,24.0,513.0,-192.0,-1385.0,,-1244.0,5.0
中京,8,1,アクセス,キセキ,-249.0,,-1676.0,,-1128.0,-731.0,-461.0,,-4245.0,6.0
中京,8,2,エイシンリファイン,スワーヴリチャード,657.0,-1066.0,-1872.0,-1607.0,-216.0,-923.0,-59.0,,-5086.0,9.0
中京,8,3,スイッチビスケット,サトノクラウン,-968.0,1240.0,-1561.0,1018.0,-2698.0,-589.0,-707.0,,-4265.0,7.0
中京,8,4,パンチャマハブータ,アドマイヤマーズ,174.0,1679.0,-2057.0,24.0,513.0,-192.0,465.0,,606.0,4.0
中京,8,5,ピースヒロフェイス,サトノダイヤモンド,-1399.0,-483.0,-2004.0,2852.0,-488.0,-169.0,,,-1691.0,5.0
中京,8,6,ダンツウルス,リアルスティール,47.0,331.0,1603.0,3343.0,1692.0,712.0,,,7728.0,2.0
中京,8,7,ベンティガオルサ,シルバーステート,624.0,109.0,2587.0,-462.0,277.0,-524.0,1907.0,,4518.0,3.0
中京,8,8,チェルヴァーラ,エピファネイア,-890.0,-7059.0,-3133.0,-3396.0,-2293.0,-899.0,-4399.0,,-22069.0,10.0
中京,8,9,アトレッタ,キズナ,1234.0,530.0,2619.0,1369.0,2590.0,955.0,,,9297.0,1.0
中京,8,10,ショウグンマサムネ,スワーヴリチャード,657.0,-1066.0,-1872.0,-1607.0,-216.0,-923.0,,,-5027.0,8.0
中京,9,1,ルシタニア,レイデオロ,-486.0,49.0,-1287.0,546.0,348.0,2741.0,2070.0,,3981.0,6.0
中京,9,2,メイショウマドロス,カリフォルニアクローム,-290.0,1410.0,1351.0,,-694.0,-553.0,,,1224.0,7.0
中京,9,3,エイシンティザー,モズアスコット,1460.0,-700.0,3010.0,2625.0,3044.0,4784.0,,,14223.0,2.0
中京,9,4,ソリッドベーシス,ブリックスアンドモルタル,112.0,-271.0,-1580.0,-2453.0,326.0,-255.0,1568.0,,-2553.0,11.0
中京,9,5,メイショウサッソウ,ダノンキングリー,-69.0,68.0,661.0,,-118.0,218.0,128.0,,888.0,8.0
中京,9,6,オーレアミスト,ゴールドドリーム,-46.0,-231.0,-1839.0,,534.0,-1656.0,-129.0,,-3367.0,15.0
中京,9,7,インシオン,ドレフォン,1006.0,3237.0,5315.0,2869.0,1879.0,1428.0,,,15734.0,1.0
中京,9,8,アーサーバローズ,キセキ,-249.0,,-702.0,,-1128.0,-731.0,,,-2810.0,14.0
中京,9,9,プロスペクトパーク,キズナ,1234.0,530.0,-72.0,622.0,2590.0,955.0,3684.0,,9543.0,4.0
中京,9,10,タイセイドラード,American Pharoah,158.0,358.0,152.0,588.0,-415.0,430.0,-820.0,,451.0,9.0
中京,9,11,ナリノシャーウッド,マインドユアビスケッツ,-729.0,-2836.0,-290.0,-222.0,-241.0,1673.0,-59.0,,-2704.0,13.0
中京,9,12,タリスマン,タリスマニック,41.0,-704.0,-183.0,-1033.0,-463.0,-187.0,-1080.0,,-3609.0,16.0
中京,9,13,ケンフィールド,タリスマニック,41.0,-704.0,-183.0,81.0,-463.0,-187.0,-1080.0,,-2495.0,10.0
中京,9,14,ロックウイズユー,ダノンレジェンド,299.0,1676.0,3873.0,1296.0,659.0,791.0,,,8594.0,5.0
中京,9,15,ヨカオウ,キズナ,1234.0,530.0,-72.0,1369.0,2590.0,955.0,3684.0,,10290.0,3.0
中京,9,16,ケイアイアマゾン,マインドユアビスケッツ,-729.0,-2836.0,-290.0,-222.0,-241.0,1673.0,,,-2645.0,12.0
中京,10,1,タイセイサーブル,エスポワールシチー,15.0,52.0,1023.0,-143.0,935.0,-235.0,313.0,,1960.0,3.0
中京,10,2,エブリデイ,フォーウィールドライブ,1015.0,1041.0,1931.0,896.0,3272.0,2628.0,,,10783.0,2.0
中京,10,3,アーディアイリ,クリソベリル,111.0,-59.0,-541.0,,-1064.0,-578.0,,,-2131.0,11.0
中京,10,4,ラブミーナッソー,コパノリッキー,-355.0,-1416.0,-2216.0,-583.0,-1211.0,-934.0,,,-6715.0,14.0
中京,10,5,レーヴドアンジュ,Maximum Security,-332.0,-166.0,-356.0,,-356.0,173.0,435.0,,-602.0,9.0
中京,10,6,バルミラクル,マクフィ,-476.0,-297.0,-583.0,43.0,-329.0,251.0,495.0,,-896.0,10.0
中京,10,7,ナムラティアラ,ジョーカプチーノ,-198.0,1115.0,269.0,-51.0,112.0,-147.0,,,1100.0,6.0
中京,10,8,アスクムービーオン,ドゥラメンテ,-1028.0,-2106.0,-2098.0,-4534.0,-2917.0,-1116.0,-1889.0,,-15688.0,15.0
中京,10,9,ミルミナーヴァ,ヘニーヒューズ,-34.0,-750.0,-615.0,-2368.0,-1117.0,-190.0,-658.0,,-5732.0,13.0
中京,10,10,ザングウィル,Dandy Man,,,,,,,,,,
中京,10,11,エイシンマールス,エイシンヒカリ,273.0,3.0,462.0,52.0,845.0,-132.0,,,1503.0,4.0
中京,10,12,アーガイルショア,ナダル,964.0,268.0,1069.0,-1027.0,-1039.0,546.0,,,781.0,7.0
中京,10,13,シュテフィ,ルヴァンスレーヴ,1553.0,5699.0,9332.0,8529.0,2153.0,2664.0,,,29930.0,1.0
中京,10,14,ジューンセクレタ,Maclean's Music,59.0,0.0,183.0,-44.0,136.0,231.0,57.0,,622.0,8.0
中京,10,15,キーンセンス,Munnings,119.0,-551.0,163.0,247.0,763.0,500.0,,,1241.0,5.0
中京,10,16,ララバッカナール,ヘニーヒューズ,-34.0,-750.0,-615.0,-2368.0,-1117.0,-190.0,,,-5074.0,12.0
中京,11,1,スマートティアナ,シルバーステート,624.0,109.0,2587.0,-462.0,-97.0,-524.0,,,2237.0,7.0
中京,11,2,ミラキュラスアース,ミスターメロディ,598.0,-366.0,10.0,1134.0,691.0,-686.0,,,1381.0,8.0
中京,11,3,プチプランス,リアルスティール,47.0,331.0,1603.0,-1011.0,967.0,712.0,,,2649.0,6.0
中京,11,4,イージーライダー,キズナ,1234.0,530.0,2619.0,1369.0,-863.0,955.0,3684.0,,9528.0,1.0
中京,11,5,メイショウビストロ,カリフォルニアクローム,-290.0,1410.0,823.0,908.0,3334.0,-553.0,,,5632.0,3.0
中京,11,6,マルモア,エピファネイア,-890.0,-7059.0,-3133.0,-4519.0,-2550.0,-899.0,,,-19050.0,15.0
中京,11,7,レインオンミー,リアルスティール,47.0,331.0,1603.0,-1011.0,967.0,712.0,-1695.0,,954.0,9.0
中京,11,8,ハレアカラフラ,ラブリーデイ,221.0,-1098.0,1132.0,-968.0,55.0,16.0,-440.0,,-1082.0,10.0
中京,11,9,サリーチェ,ドゥラメンテ,-1028.0,-2106.0,-1443.0,-518.0,-2917.0,-1116.0,-1889.0,,-11017.0,14.0
中京,11,10,フェルシナ,ルーラーシップ,-523.0,-2528.0,-1112.0,-662.0,849.0,-1256.0,,,-5232.0,12.0
中京,11,11,マイリトルヒーロー,イスラボニータ,-295.0,-74.0,2755.0,762.0,2310.0,-395.0,,,5063.0,4.0
中京,11,12,ギザキズラヴ,キズナ,1234.0,530.0,2619.0,622.0,-863.0,955.0,3684.0,,8781.0,2.0
中京,11,13,ペプチドブッドレア,イスラボニータ,-295.0,-74.0,2755.0,762.0,2310.0,-395.0,,,5063.0,4.0
中京,11,14,テレプシコーラ,ルーラーシップ,-523.0,-2528.0,-1112.0,-662.0,849.0,-1256.0,,,-5232.0,12.0
中京,11,15,ラガークイン,リアルインパクト,119.0,-646.0,29.0,-942.0,-163.0,-575.0,,,-2178.0,11.0
中京,12,1,タマモビスケット,マインドユアビスケッツ,-729.0,1338.0,-290.0,-222.0,552.0,1673.0,-59.0,,2263.0,9.0
中京,12,2,ワンダーミューズ,ミスチヴィアスアレックス,307.0,-197.0,2237.0,,2186.0,2547.0,124.0,,7204.0,2.0
中京,12,3,ブロンザイト,クリソベリル,111.0,-600.0,-541.0,,-1064.0,-578.0,-112.0,,-2784.0,15.0
中京,12,4,フェイトブレイカー,マジェスティックウォリアー,-36.0,-1942.0,396.0,258.0,197.0,87.0,,,-1040.0,13.0
中京,12,5,ナムラロダン,ミッキーアイル,1909.0,518.0,-209.0,770.0,1555.0,1407.0,,,5950.0,6.0
中京,12,6,ザキノフレンズ,モーニン,450.0,971.0,2334.0,1159.0,932.0,-276.0,,,5570.0,7.0
中京,12,7,チョウスター,エスポワールシチー,15.0,627.0,1023.0,-143.0,935.0,-235.0,313.0,,2535.0,8.0
中京,12,8,アイアン,レイデオロ,-486.0,2847.0,-1287.0,-699.0,1962.0,2741.0,2070.0,,7148.0,3.0
中京,12,9,ペコリズム,タワーオブロンドン,-693.0,448.0,-921.0,-1980.0,-1986.0,-586.0,-816.0,,-6534.0,16.0
中京,12,10,ブルークレスト,レッドファルクス,101.0,231.0,1550.0,6.0,-131.0,241.0,72.0,,2070.0,10.0
中京,12,11,ハッピーリオン,リオンリオン,,144.0,-83.0,,-166.0,-414.0,386.0,,-133.0,11.0
中京,12,12,チェカ,マジェスティックウォリアー,-36.0,-1942.0,396.0,258.0,197.0,87.0,-705.0,,-1745.0,14.0
中京,12,13,クリノゴージャス,ディーマジェスティ,-12.0,1859.0,1746.0,1911.0,560.0,298.0,,,6362.0,5.0
中京,12,14,ファーヴニル,ディスクリートキャット,331.0,657.0,958.0,51.0,2587.0,263.0,2208.0,,7055.0,4.0
中京,12,15,ゴールドアーチ,ミッキーアイル,1909.0,518.0,-209.0,770.0,1555.0,1407.0,1980.0,,7930.0,1.0
中京,12,16,ミスジェイド,Blame,,-83.0,-83.0,,-166.0,,,,-332.0,12.0
