場所,R,馬番,馬名,騎手妙味度,騎手妙味度順位,種牡馬妙味度,種牡馬妙味度順位,調教師妙味度,調教師妙味度順位,妙味度合計,総合妙味度,総合妙味度順位
中山,1,1,ホワイトナイル,98.667,7.0,106.875,4.0,104.5,3.0,310.04200000000003,103.347,3.0
中山,1,2,トウシンライオット,95.667,8.0,,,91.167,14.0,,,
中山,1,3,オンマイビート,,,102.0,5.0,95.75,11.0,,,
中山,1,4,オダイ,99.167,5.0,114.125,1.0,105.333,2.0,318.625,106.208,1.0
中山,1,5,ドングラミ,92.5,12.0,107.375,3.0,92.375,13.0,292.25,97.417,8.0
中山,1,6,ベアゴーフォー,99.167,5.0,99.667,7.0,101.333,4.0,300.16700000000003,100.056,4.0
中山,1,7,チャンピオンホース,103.0,2.0,,,91.167,14.0,,,
中山,1,8,マインセーラ,91.833,13.0,,,78.833,16.0,,,
中山,1,9,フクノエルデ,93.5,10.0,,,108.125,1.0,,,
中山,1,10,ヘイスティハート,99.333,4.0,114.125,1.0,98.667,6.0,312.125,104.042,2.0
中山,1,11,クラウンプレゼンタ,95.167,9.0,,,93.5,12.0,,,
中山,1,12,ラムールデュヴォン,,,,,98.667,6.0,,,
中山,1,13,ガルディーノ,104.667,1.0,95.333,10.0,96.0,9.0,296.0,98.667,5.0
中山,1,14,ヴェネチアンキング,99.667,3.0,99.5,8.0,96.0,9.0,295.16700000000003,98.389,6.0
中山,1,15,カセノソレイユ,,,101.125,6.0,97.333,8.0,,,
中山,1,16,ジュニアスウィート,93.5,10.0,99.5,8.0,100.0,5.0,293.0,97.667,7.0
中山,2,1,パトリシア,111.0,1.0,,,101.5,8.0,,,
中山,2,2,ディサイドオンミー,,,,,103.167,7.0,,,
中山,2,3,カシノプロスペリテ,91.4,13.0,,,78.429,15.0,,,
中山,2,4,シンデレラリバティ,95.0,11.0,99.167,4.0,77.333,16.0,271.5,90.5,8.0
中山,2,5,モーニングダリア,74.6,14.0,,,79.286,14.0,,,
中山,2,6,ツルノマイハシ,106.0,3.0,97.571,7.0,101.5,8.0,305.071,101.69,3.0
中山,2,7,アリアス,100.6,5.0,,,98.333,10.0,,,
中山,2,8,ワディアルリヤハ,99.6,6.0,,,96.333,12.0,,,
中山,2,9,ノブピースオブラブ,109.2,2.0,106.714,1.0,109.167,1.0,325.081,108.36,1.0
中山,2,10,ムーンシェイド,98.8,7.0,96.0,8.0,104.833,6.0,299.63300000000004,99.878,6.0
中山,2,11,エンカウンターベイ,95.0,11.0,,,106.857,4.0,,,
中山,2,12,ジャスフォール,103.4,4.0,100.286,3.0,108.167,3.0,311.853,103.951,2.0
中山,2,13,セイウンプーパ,96.6,8.0,102.714,2.0,105.167,5.0,304.481,101.494,4.0
中山,2,14,ニルマーネル,95.6,10.0,97.833,6.0,109.167,1.0,302.6,100.867,5.0
中山,2,15,ヘリオドール,96.4,9.0,99.143,5.0,96.5,11.0,292.043,97.348,7.0
中山,2,16,グランフォワイエ,73.8,15.0,91.714,9.0,90.571,13.0,256.08500000000004,85.362,9.0
中山,3,1,ラッキースウィッチ,97.167,13.0,,,106.667,4.0,,,
中山,3,2,アイアムアッパレ,92.167,17.0,100.375,10.0,105.375,6.0,297.91700000000003,99.306,8.0
中山,3,3,コスモラムバック,87.5,18.0,99.833,11.0,99.333,7.0,286.666,95.555,15.0
中山,3,4,ピュアエンブレム,98.667,12.0,101.667,4.0,94.333,16.0,294.66700000000003,98.222,12.0
中山,3,5,ニシノヒノトリ,99.5,11.0,101.0,6.0,107.0,3.0,307.5,102.5,4.0
中山,3,6,セイウンヤオヨロズ,100.5,7.0,,,97.167,11.0,,,
中山,3,7,カリドーラ,104.0,3.0,101.0,6.0,95.0,14.0,300.0,100.0,7.0
中山,3,8,ジャストマイウェイ,100.667,6.0,105.75,3.0,93.667,17.0,300.084,100.028,6.0
中山,3,9,ラージアンサンブル,103.333,4.0,,,106.5,5.0,,,
中山,3,10,ジャケットポケット,100.5,7.0,97.833,13.0,96.625,13.0,294.95799999999997,98.319,10.0
中山,3,11,セキテイリノ,99.833,9.0,101.667,4.0,107.333,2.0,308.83299999999997,102.944,3.0
中山,3,12,ゴールデンダガー,106.667,1.0,120.167,1.0,98.333,9.0,325.16700000000003,108.389,1.0
中山,3,13,マイネルグレート,104.333,2.0,100.5,8.0,107.833,1.0,312.666,104.222,2.0
中山,3,14,マイネルモンテュス,92.667,16.0,99.833,11.0,96.833,12.0,289.33299999999997,96.444,13.0
中山,3,15,カシノスパーク,99.667,10.0,93.125,15.0,94.5,15.0,287.29200000000003,95.764,14.0
中山,3,16,ロイヤルヤマト,93.0,15.0,120.167,1.0,92.0,18.0,305.16700000000003,101.722,5.0
中山,3,17,エクストラダーク,97.167,13.0,100.5,8.0,97.333,10.0,295.0,98.333,9.0
中山,3,18,スカーレットジーン,100.833,5.0,94.625,14.0,99.333,7.0,294.791,98.264,11.0
中山,4,1,マテンロウノカゼ,120.5,2.0,96.5,10.0,96.5,8.0,313.5,104.5,3.0
中山,4,2,デザートスター,110.0,4.0,93.5,12.0,68.5,13.0,272.0,90.667,11.0
中山,4,3,ピコイチ,198.5,1.0,103.5,2.0,94.5,9.0,396.5,132.167,1.0
中山,4,4,シュバルツガイスト,85.5,8.0,98.0,7.0,90.0,11.0,273.5,91.167,10.0
中山,4,5,ストラクチャー,83.5,9.0,113.0,1.0,104.5,2.0,301.0,100.333,4.0
中山,4,6,アバットゥータ,63.5,14.0,101.5,3.0,99.0,6.0,264.0,88.0,12.0
中山,4,7,ゴールデンスロープ,96.0,6.0,99.0,6.0,93.5,10.0,288.5,96.167,7.0
中山,4,8,アドアプローズ,113.5,3.0,85.5,14.0,101.0,5.0,300.0,100.0,5.0
中山,4,9,ゴールデンステップ,93.5,7.0,101.0,4.0,98.0,7.0,292.5,97.5,6.0
中山,4,10,クラウングスタフ,83.0,10.0,98.0,7.0,104.5,2.0,285.5,95.167,8.0
中山,4,11,リードアクトレス,81.0,12.0,95.5,11.0,82.0,12.0,258.5,86.167,13.0
中山,4,12,デスティネ,108.5,5.0,101.0,4.0,105.5,1.0,315.0,105.0,2.0
中山,4,13,トリップトゥムーン,83.0,10.0,92.5,13.0,102.5,4.0,278.0,92.667,9.0
中山,4,14,タガノバルコス,77.5,13.0,98.0,7.0,,,,,
中山,5,1,ジーティーウブラブ,105.833,2.0,99.5,12.0,93.0,11.0,298.33299999999997,99.444,7.0
中山,5,2,プレシャスノワール,,,,,70.667,15.0,,,
中山,5,3,コスモエレジー,99.0,5.0,109.333,3.0,124.167,1.0,332.5,110.833,1.0
中山,5,4,ショウナンカルメラ,93.667,9.0,130.667,1.0,100.5,6.0,324.834,108.278,2.0
中山,5,5,ジーティーシンドウ,99.0,5.0,100.333,11.0,95.167,8.0,294.5,98.167,9.0
中山,5,6,クォンタムビット,,,101.5,9.0,98.667,7.0,,,
中山,5,7,モラール,94.833,8.0,101.167,10.0,124.167,1.0,320.16700000000003,106.722,3.0
中山,5,8,エメラルドテソーロ,101.167,3.0,103.667,6.0,105.0,4.0,309.834,103.278,5.0
中山,5,9,ベッラモレーン,93.333,10.0,102.333,8.0,89.833,13.0,285.499,95.166,11.0
中山,5,10,コスモペンタス,93.0,11.0,,,103.0,5.0,,,
中山,5,11,キコリータ,53.667,14.0,96.5,13.0,,,,,
中山,5,12,ランウェイミューズ,97.167,7.0,103.667,6.0,114.667,3.0,315.501,105.167,4.0
中山,5,13,スーパーハイウェイ,107.833,1.0,105.667,4.0,92.167,12.0,305.66700000000003,101.889,6.0
中山,5,14,コスモシグルン,91.167,12.0,,,94.167,9.0,,,
中山,5,15,ノーブルアスール,86.667,13.0,115.5,2.0,94.167,9.0,296.334,98.778,8.0
中山,5,16,フォーアライター,99.667,4.0,103.833,5.0,89.167,14.0,292.66700000000003,97.556,10.0
中山,6,1,プラチナムディスク,101.833,5.0,90.0,9.0,101.333,6.0,293.166,97.722,6.0
中山,6,2,ケイアイギルス,98.333,9.0,56.5,11.0,108.333,3.0,263.166,87.722,10.0
中山,6,3,ステラゲイル,108.0,2.0,,,109.833,2.0,,,
中山,6,4,ノリキング,107.167,3.0,90.667,8.0,91.833,15.0,289.66700000000003,96.556,7.0
中山,6,5,マーマレードスカイ,98.667,7.0,109.0,4.0,112.5,1.0,320.16700000000003,106.722,1.0
中山,6,6,バル,92.667,14.0,,,96.333,9.0,,,
中山,6,7,セキテイロックス,92.833,13.0,103.167,5.0,99.833,7.0,295.83299999999997,98.611,5.0
中山,6,8,ディル,98.5,8.0,,,104.167,5.0,,,
中山,6,9,ルクスポップスター,99.5,6.0,80.0,10.0,96.833,8.0,276.33299999999997,92.111,9.0
中山,6,10,フローラルアーチ,95.0,12.0,96.667,7.0,92.167,13.0,283.834,94.611,8.0
中山,6,11,ガーディアンスター,109.5,1.0,98.333,6.0,92.167,13.0,300.0,100.0,4.0
中山,6,12,コウジハラ,105.5,4.0,,,106.833,4.0,,,
中山,6,13,アシャカルッカ,96.167,10.0,119.5,1.0,96.167,10.0,311.834,103.945,2.0
中山,6,14,ダズルオーロラ,85.833,15.0,,,94.667,11.0,,,
中山,6,15,グリュイエール,,,119.0,2.0,,,,,
中山,6,16,ゼファーテソーロ,95.833,11.0,111.333,3.0,94.0,12.0,301.166,100.389,3.0
中山,7,1,ファイアマン,97.833,12.0,101.0,9.0,100.125,7.0,298.95799999999997,99.653,8.0
中山,7,2,ショーリバース,97.333,13.0,145.625,1.0,92.875,13.0,335.83299999999997,111.944,1.0
中山,7,3,マーゴットサンズ,96.833,14.0,,,84.5,16.0,,,
中山,7,4,ロミオ,100.667,9.0,,,111.333,1.0,,,
中山,7,5,オトシダマ,93.333,15.0,99.0,11.0,106.167,2.0,298.5,99.5,9.0
中山,7,6,ダンツシタン,102.167,4.0,101.833,6.0,90.0,14.0,294.0,98.0,10.0
中山,7,7,シルバーレシオ,101.333,7.0,101.0,9.0,102.375,4.0,304.70799999999997,101.569,6.0
中山,7,8,テンカムテキ,101.833,6.0,102.75,5.0,99.5,8.0,304.08299999999997,101.361,7.0
中山,7,9,チャーリー,100.167,10.0,,,94.833,11.0,,,
中山,7,10,ケイアイアギト,103.667,3.0,106.875,3.0,96.167,10.0,306.709,102.236,3.0
中山,7,11,サンデーパーティー,104.0,2.0,101.75,7.0,100.167,6.0,305.91700000000003,101.972,5.0
中山,7,12,ニャンタロウ,101.333,7.0,101.5,8.0,88.25,15.0,291.08299999999997,97.028,11.0
中山,7,13,ハイライトニング,98.833,11.0,106.5,4.0,100.833,5.0,306.166,102.055,4.0
中山,7,14,デールエルバハリ,,,,,106.125,3.0,,,
中山,7,15,ナリノシャーウッド,102.167,4.0,92.333,12.0,94.0,12.0,288.5,96.167,12.0
中山,7,16,タガノアバンドーネ,108.167,1.0,118.2,2.0,97.0,9.0,323.367,107.789,2.0
中山,8,1,オールデュスヴラン,100.0,3.0,98.25,6.0,93.625,10.0,291.875,97.292,4.0
中山,8,2,ムーランブルー,103.333,1.0,103.5,3.0,101.375,3.0,308.20799999999997,102.736,1.0
中山,8,3,タマモトリノ,99.833,4.0,91.0,8.0,104.625,2.0,295.45799999999997,98.486,2.0
中山,8,4,オウケンシルヴァー,91.5,11.0,100.143,5.0,99.625,6.0,291.26800000000003,97.089,5.0
中山,8,5,タイキインドラ,97.667,7.0,103.25,4.0,92.5,11.0,293.41700000000003,97.806,3.0
中山,8,6,ダブルメッセージ,98.667,5.0,84.625,13.0,105.833,1.0,289.125,96.375,7.0
中山,8,7,ダカラフェスティヴ,98.0,6.0,88.429,12.0,95.125,8.0,281.554,93.851,11.0
中山,8,8,クールシェルタ,,,95.875,7.0,101.333,4.0,,,
中山,8,9,マウントバーノン,91.0,12.0,91.0,8.0,99.875,5.0,281.875,93.958,10.0
中山,8,10,チンプンカンプン,93.0,9.0,73.625,14.0,96.5,7.0,263.125,87.708,12.0
中山,8,11,スマートクオーレ,92.833,10.0,104.625,2.0,93.75,9.0,291.20799999999997,97.069,6.0
中山,8,12,キャストロププ,102.833,2.0,91.0,8.0,92.375,13.0,286.20799999999997,95.403,8.0
中山,8,13,カイトヴィント,,,91.0,8.0,92.5,11.0,,,
中山,8,14,ステイアンビシャス,95.167,8.0,105.5,1.0,81.833,14.0,282.5,94.167,9.0
中山,9,1,バセリーナ,93.0,11.0,85.2,10.0,91.75,11.0,269.95,89.983,10.0
中山,9,2,ワザモノ,100.333,8.0,,,97.5,6.0,,,
中山,9,3,ダンツファイター,104.333,3.0,100.625,4.0,95.833,7.0,300.791,100.264,7.0
中山,9,4,ヤマニンガラッシア,98.333,9.0,98.833,6.0,118.625,1.0,315.791,105.264,2.0
中山,9,5,ナムララジベラ,83.167,12.0,105.4,2.0,118.375,2.0,306.942,102.314,5.0
中山,9,6,ヤマニンアドホック,100.833,7.0,103.833,3.0,114.0,3.0,318.666,106.222,1.0
中山,9,7,タッチアンドムーブ,101.167,6.0,98.5,7.0,94.0,8.0,293.66700000000003,97.889,8.0
中山,9,8,ソルトブリーズ,103.167,5.0,93.0,9.0,107.875,4.0,304.04200000000003,101.347,6.0
中山,9,9,レディーミコノス,103.333,4.0,,,90.5,12.0,,,
中山,9,10,ドゥカート,98.167,10.0,94.5,8.0,92.667,10.0,285.334,95.111,9.0
中山,9,11,フナデ,105.333,2.0,99.5,5.0,106.125,5.0,310.95799999999997,103.653,3.0
中山,9,12,イガッチ,109.0,1.0,106.0,1.0,93.75,9.0,308.75,102.917,4.0
中山,10,1,ダンテバローズ,99.0,9.0,105.875,5.0,108.875,6.0,313.75,104.583,4.0
中山,10,2,ショウナンライシン,100.5,7.0,108.75,1.0,94.5,14.0,303.75,101.25,10.0
中山,10,3,タガノエスコート,102.667,4.0,100.667,9.0,112.625,1.0,315.959,105.32,2.0
中山,10,4,シェットランド,98.5,10.0,95.75,14.0,97.667,13.0,291.91700000000003,97.306,14.0
中山,10,5,メイショウフンジン,98.5,10.0,97.25,13.0,109.0,5.0,304.75,101.583,9.0
中山,10,6,ブレイクフォース,98.167,12.0,106.0,4.0,103.0,11.0,307.16700000000003,102.389,7.0
中山,10,7,ゴールデンシロップ,109.667,2.0,,,109.5,3.0,,,
中山,10,8,テーオーパスワード,97.833,13.0,98.25,12.0,103.5,10.0,299.58299999999997,99.861,12.0
中山,10,9,ラタフォレスト,110.0,1.0,104.25,7.0,94.25,15.0,308.5,102.833,6.0
中山,10,10,ポッドロゴ,100.333,8.0,107.0,2.0,107.167,8.0,314.5,104.833,3.0
中山,10,11,アクションプラン,93.5,15.0,98.75,11.0,109.5,3.0,301.75,100.583,11.0
中山,10,12,ミッキーヌチバナ,102.833,3.0,106.625,3.0,107.625,7.0,317.08299999999997,105.694,1.0
中山,10,13,スマートアイ,,,102.0,8.0,85.667,16.0,,,
中山,10,14,ブライアンセンス,100.833,6.0,94.0,15.0,99.5,12.0,294.33299999999997,98.111,13.0
中山,10,15,ヴァルツァーシャル,102.0,5.0,99.0,10.0,111.0,2.0,312.0,104.0,5.0
中山,10,16,コンクシェル,96.667,14.0,104.875,6.0,104.5,9.0,306.04200000000003,102.014,8.0
中山,11,1,ドンアミティエ,97.333,13.0,107.833,3.0,88.0,14.0,293.166,97.722,10.0
中山,11,2,エートラックス,97.0,14.0,91.6,12.0,102.667,9.0,291.267,97.089,12.0
中山,11,3,スターペスカオリ,102.167,5.0,110.625,2.0,83.833,15.0,296.625,98.875,8.0
中山,11,4,テーオーエルビス,108.667,1.0,,,105.5,8.0,,,
中山,11,5,サンライズアムール,100.0,8.0,96.125,11.0,108.0,5.0,304.125,101.375,6.0
中山,11,6,ポッドベイダー,103.0,4.0,98.667,10.0,108.875,4.0,310.54200000000003,103.514,4.0
中山,11,7,キャンディドライヴ,,,,,,,,,
中山,11,8,クロジシジョー,98.833,10.0,101.0,7.0,115.833,2.0,315.666,105.222,2.0
中山,11,9,ガビーズシスター,97.833,12.0,113.5,1.0,122.875,1.0,334.20799999999997,111.403,1.0
中山,11,10,タガノミスト,99.5,9.0,100.5,8.0,94.25,12.0,294.25,98.083,9.0
中山,11,11,チカッパ,104.0,3.0,101.25,5.0,100.0,10.0,305.25,101.75,5.0
中山,11,12,カルチャーデイ,98.5,11.0,101.167,6.0,113.667,3.0,313.334,104.445,3.0
中山,11,13,エコロアゼル,101.333,7.0,,,106.0,7.0,,,
中山,11,14,ジャスパーゴールド,104.333,2.0,,,106.667,6.0,,,
中山,11,15,ニットウバジル,96.5,15.0,106.375,4.0,89.125,13.0,292.0,97.333,11.0
中山,11,16,ヤマニンチェルキ,101.5,6.0,100.4,9.0,95.833,11.0,297.733,99.244,7.0
中山,12,1,サクラアドリア,97.167,11.0,103.125,2.0,95.167,11.0,295.459,98.486,9.0
中山,12,2,ケイツールピア,62.5,15.0,97.5,9.0,87.5,15.0,247.5,82.5,13.0
中山,12,3,アクイローネ,104.333,5.0,,,112.0,1.0,,,
中山,12,4,ラファヴォリット,104.833,3.0,94.5,12.0,99.375,8.0,298.70799999999997,99.569,7.0
中山,12,5,キアラメンテ,101.167,8.0,98.375,7.0,100.375,7.0,299.91700000000003,99.972,5.0
中山,12,6,ベストシーン,103.333,6.0,93.5,14.0,102.333,5.0,299.166,99.722,6.0
中山,12,7,マジカルワード,89.833,14.0,95.375,11.0,93.167,13.0,278.375,92.792,11.0
中山,12,8,スワローシチー,98.167,10.0,,,96.0,9.0,,,
中山,12,9,フォートポータル,92.5,13.0,101.875,3.0,83.833,16.0,278.20799999999997,92.736,12.0
中山,12,10,イゾレエオリア,104.667,4.0,97.625,8.0,93.167,13.0,295.459,98.486,9.0
中山,12,11,マイネルゼウス,105.333,1.0,96.333,10.0,95.333,10.0,296.999,99.0,8.0
中山,12,12,ウィンターベル,,,94.5,12.0,100.875,6.0,,,
中山,12,13,パストラーレ,105.167,2.0,101.333,4.0,95.0,12.0,301.5,100.5,4.0
中山,12,14,ハニードレス,98.833,9.0,104.667,1.0,103.167,4.0,306.66700000000003,102.222,2.0
中山,12,15,ケイツークローン,96.0,12.0,101.0,5.0,107.167,3.0,304.16700000000003,101.389,3.0
中山,12,16,コスモイシュタル,103.167,7.0,99.25,6.0,108.0,2.0,310.41700000000003,103.472,1.0
中京,1,1,エアトベーレ,88.167,12.0,100.125,10.0,104.833,4.0,293.125,97.708,8.0
中京,1,2,オーケートムボーイ,102.0,2.0,117.375,1.0,107.333,1.0,326.70799999999997,108.903,1.0
中京,1,3,ブルーメサンライズ,95.167,9.0,102.167,8.0,106.333,2.0,303.66700000000003,101.222,5.0
中京,1,4,スウィープシャルム,101.5,3.0,82.25,13.0,,,,,
中京,1,5,アクシュラ,93.167,10.0,105.375,6.0,98.0,6.0,296.54200000000003,98.847,7.0
中京,1,6,セレーノ,84.333,13.0,96.75,12.0,96.167,8.0,277.25,92.417,9.0
中京,1,7,マカロンブルー,91.0,11.0,116.667,2.0,,,,,
中京,1,8,アンファール,97.333,6.0,110.375,4.0,90.5,10.0,298.20799999999997,99.403,6.0
中京,1,9,ホールドミーワンス,108.0,1.0,102.875,7.0,101.5,5.0,312.375,104.125,2.0
中京,1,10,ジューンレイヴン,96.0,7.0,108.625,5.0,67.5,12.0,272.125,90.708,10.0
中京,1,11,スマートコーラル,99.333,4.0,98.167,11.0,106.333,2.0,303.83299999999997,101.278,4.0
中京,1,12,アイビーミャーオ,95.5,8.0,111.625,3.0,97.833,7.0,304.95799999999997,101.653,3.0
中京,1,13,クイーンズドリーム,98.5,5.0,,,95.667,9.0,,,
中京,1,14,ミヤムーブメント,,,101.875,9.0,76.125,11.0,,,
中京,2,1,ユイノカタリベ,84.167,10.0,106.25,3.0,110.0,2.0,300.41700000000003,100.139,3.0
中京,2,2,パータリプトラ,75.5,11.0,98.167,7.0,106.5,3.0,280.16700000000003,93.389,7.0
中京,2,3,リフラ,93.833,6.0,115.333,1.0,97.167,7.0,306.33299999999997,102.111,2.0
中京,2,4,セイウンリメンバー,98.167,4.0,102.625,5.0,117.667,1.0,318.459,106.153,1.0
中京,2,5,クラシオン,109.0,1.0,83.875,10.0,100.5,6.0,293.375,97.792,5.0
中京,2,6,キャッチアシーフ,103.0,2.0,97.0,9.0,,,,,
中京,2,7,シュヴァルツシルト,99.667,3.0,,,96.833,8.0,,,
中京,2,8,ブルーミーティア,,,112.333,2.0,89.667,11.0,,,
中京,2,9,ムソウテンセイ,,,98.167,7.0,91.833,10.0,,,
中京,2,10,オメガヒストリー,93.833,6.0,102.667,4.0,101.0,5.0,297.5,99.167,4.0
中京,2,11,ザキノフレンズ,93.833,6.0,83.875,10.0,,,,,
中京,2,12,マイネルトレマーズ,88.833,9.0,,,105.0,4.0,,,
中京,2,13,ロイヤルスパイア,97.333,5.0,102.125,6.0,92.5,9.0,291.95799999999997,97.319,6.0
中京,3,1,サノノアメリカン,69.333,13.0,95.0,11.0,81.833,14.0,246.166,82.055,12.0
中京,3,2,ドラゴンテイラー,,,105.5,3.0,99.625,6.0,,,
中京,3,3,シュードタキライト,104.833,2.0,109.0,1.0,93.0,12.0,306.83299999999997,102.278,3.0
中京,3,4,ミルトライディーン,92.333,10.0,92.5,14.0,102.25,4.0,287.08299999999997,95.694,9.0
中京,3,5,アースミューズ,96.833,6.0,102.0,6.0,91.25,13.0,290.08299999999997,96.694,7.0
中京,3,6,シルフズミスチーフ,93.5,8.0,107.833,2.0,95.5,10.0,296.83299999999997,98.944,5.0
中京,3,7,ツーピース,93.667,7.0,104.167,4.0,126.125,1.0,323.959,107.986,1.0
中京,3,8,ワールドシリーズ,88.333,11.0,98.5,9.0,,,,,
中京,3,9,イノキ,98.5,5.0,90.0,15.0,100.667,5.0,289.16700000000003,96.389,8.0
中京,3,10,アップフルーク,,,103.5,5.0,97.5,8.0,,,
中京,3,11,ワンウェイトゥヘル,85.333,12.0,88.8,16.0,96.333,9.0,270.466,90.155,10.0
中京,3,12,スカイブルー,102.5,3.0,93.5,13.0,,,,,
中京,3,13,インディゴアスール,100.0,4.0,97.625,10.0,93.625,11.0,291.25,97.083,6.0
中京,3,14,ウィングコマンダー,106.667,1.0,100.875,7.0,98.75,7.0,306.29200000000003,102.097,4.0
中京,3,15,カジカライズ,64.5,14.0,94.667,12.0,103.167,3.0,262.334,87.445,11.0
中京,3,16,メイショウホウセン,93.0,9.0,100.167,8.0,119.625,2.0,312.79200000000003,104.264,2.0
中京,4,1,ワールドブレイヴ,96.667,4.0,,,89.333,11.0,,,
中京,4,2,マーゴットガイア,97.333,3.0,,,107.333,1.0,,,
中京,4,3,マイネルアルゴー,,,101.833,3.0,103.0,3.0,,,
中京,4,4,コスモエーヴィヒ,70.167,12.0,98.875,7.0,102.25,4.0,271.29200000000003,90.431,9.0
中京,4,5,オオツカ,91.167,10.0,102.125,2.0,94.5,9.0,287.79200000000003,95.931,5.0
中京,4,6,ノーブルホライズン,92.167,8.0,,,74.833,13.0,,,
中京,4,7,アイスアイスベイビ,106.333,1.0,99.0,6.0,95.667,7.0,301.0,100.333,2.0
中京,4,8,ノンブルドール,95.5,5.0,98.625,8.0,100.833,6.0,294.95799999999997,98.319,4.0
中京,4,9,グレーヌドジョワ,94.333,6.0,96.375,9.0,89.125,12.0,279.83299999999997,93.278,8.0
中京,4,10,マチュ,88.333,11.0,94.833,10.0,102.167,5.0,285.33299999999997,95.111,7.0
中京,4,11,カイキアス,100.167,2.0,99.167,4.0,104.167,2.0,303.501,101.167,1.0
中京,4,12,ロザーンジュ,91.667,9.0,115.167,1.0,90.333,10.0,297.16700000000003,99.056,3.0
中京,4,13,サトノトリニティ,92.833,7.0,99.167,4.0,95.167,8.0,287.16700000000003,95.722,6.0
中京,5,1,オルビスケリー,105.667,4.0,96.167,8.0,,,,,
中京,5,2,ヒロノフウジン,110.5,2.0,100.333,5.0,102.5,2.0,313.33299999999997,104.444,2.0
中京,5,3,トコトコクマチ,109.667,3.0,104.833,2.0,101.167,4.0,315.66700000000003,105.222,1.0
中京,5,4,ウルフ,95.167,7.0,100.833,4.0,99.5,5.0,295.5,98.5,4.0
中京,5,5,フィサブロス,102.0,5.0,99.0,7.0,94.5,8.0,295.5,98.5,4.0
中京,5,6,テイエムテンジン,98.667,6.0,92.5,11.0,72.667,10.0,263.834,87.945,8.0
中京,5,7,ミニュイ,94.833,8.0,100.333,5.0,,,,,
中京,5,8,タイムトゥパーティ,92.333,9.0,87.667,12.0,99.167,6.0,279.16700000000003,93.056,7.0
中京,5,9,フウリンカザン,111.167,1.0,92.667,10.0,,,,,
中京,5,10,ベルソテイラ,92.167,10.0,104.833,2.0,94.167,9.0,291.16700000000003,97.056,6.0
中京,5,11,トーセンブリラーレ,89.5,12.0,,,96.167,7.0,,,
中京,5,12,テクノラッシュ,,,93.0,9.0,102.5,2.0,,,
中京,5,13,テーオーモナーク,90.667,11.0,111.5,1.0,111.0,1.0,313.16700000000003,104.389,3.0
中京,6,1,コスモチプリア,64.0,15.0,96.875,11.0,96.625,12.0,257.5,85.833,12.0
中京,6,2,ヒルノレーダン,95.5,8.0,85.4,18.0,98.0,10.0,278.9,92.967,10.0
中京,6,3,メイショウピリカ,,,104.875,4.0,103.625,6.0,,,
中京,6,4,マーゴットレジーナ,83.333,13.0,96.333,13.0,102.0,7.0,281.666,93.889,9.0
中京,6,5,サツキスマイル,89.833,12.0,96.875,11.0,117.167,1.0,303.875,101.292,4.0
中京,6,6,モルティフレーバー,92.333,11.0,99.333,8.0,98.0,10.0,289.666,96.555,8.0
中京,6,7,ペプロス,104.0,3.0,87.286,17.0,86.125,14.0,277.411,92.47,11.0
中京,6,8,エレガンシア,106.0,2.0,98.833,10.0,105.625,5.0,310.45799999999997,103.486,2.0
中京,6,9,ワイドリューレント,113.833,1.0,106.0,2.0,106.0,4.0,325.83299999999997,108.611,1.0
中京,6,10,エンスエーニョ,97.333,7.0,102.5,6.0,,,,,
中京,6,11,テンミラクルスター,93.5,9.0,94.75,16.0,107.5,2.0,295.75,98.583,7.0
中京,6,12,ホウオウペトリュス,93.5,9.0,101.6,7.0,101.833,8.0,296.933,98.978,5.0
中京,6,13,リヴァイデント,79.667,14.0,105.143,3.0,,,,,
中京,6,14,ニシノコマチムスメ,98.833,6.0,98.875,9.0,98.667,9.0,296.375,98.792,6.0
中京,6,15,デルマジュテーム,59.833,16.0,103.333,5.0,66.333,15.0,229.499,76.5,13.0
中京,6,16,カポレイラ,,,106.571,1.0,88.75,13.0,,,
中京,6,17,サウンドサンライズ,100.0,5.0,96.333,13.0,,,,,
中京,6,18,フィオレストラーダ,104.0,3.0,95.833,15.0,106.667,3.0,306.5,102.167,3.0
中京,7,1,チギリ,63.833,13.0,111.125,2.0,103.375,5.0,278.33299999999997,92.778,8.0
中京,7,2,メイショウハリソン,92.667,9.0,106.167,3.0,98.167,9.0,297.001,99.0,3.0
中京,7,3,ハギノカノア,73.833,12.0,99.833,5.0,,,,,
中京,7,4,テーオーノーベル,87.0,10.0,98.0,7.0,102.833,7.0,287.83299999999997,95.944,5.0
中京,7,5,ルグランシャリオ,96.333,6.0,,,113.125,2.0,,,
中京,7,6,キュードス,84.0,11.0,84.429,10.0,116.5,1.0,284.929,94.976,6.0
中京,7,7,ヒサエノオモカゲ,99.0,5.0,,,102.625,8.0,,,
中京,7,8,リュミナーズ,96.0,7.0,78.0,12.0,85.667,13.0,259.66700000000003,86.556,9.0
中京,7,9,ラルガメンテ,101.333,4.0,95.875,8.0,87.0,12.0,284.20799999999997,94.736,7.0
中京,7,10,シゲルオトヒメ,93.167,8.0,,,103.167,6.0,,,
中京,7,11,リアルペガサス,,,94.667,9.0,93.25,10.0,,,
中京,7,12,コウジョリョウゾク,103.0,2.0,78.429,11.0,107.25,3.0,288.679,96.226,4.0
中京,7,13,トーアケルキラ,102.833,3.0,99.0,6.0,104.125,4.0,305.95799999999997,101.986,2.0
中京,7,14,ウインドワンピース,111.833,1.0,111.25,1.0,85.0,14.0,308.08299999999997,102.694,1.0
中京,7,15,ロストボール,,,102.25,4.0,92.167,11.0,,,
中京,8,1,ランドブレイブ,113.833,2.0,101.5,6.0,93.625,15.0,308.95799999999997,102.986,5.0
中京,8,2,ダイオジェナイト,98.5,7.0,100.0,7.0,111.375,3.0,309.875,103.292,4.0
中京,8,3,ケイアイワイラーパ,95.667,10.0,103.625,1.0,95.0,13.0,294.29200000000003,98.097,9.0
中京,8,4,ラウダブル,88.333,14.0,101.625,5.0,98.25,10.0,288.20799999999997,96.069,14.0
中京,8,5,フレイムジョーカー,102.5,5.0,90.167,15.0,101.5,9.0,294.16700000000003,98.056,10.0
中京,8,6,バルミラクル,103.833,4.0,96.5,10.0,122.5,1.0,322.83299999999997,107.611,1.0
中京,8,7,ソードマスター,102.333,6.0,92.5,14.0,102.667,6.0,297.5,99.167,6.0
中京,8,8,メイショウサトノヒ,96.5,9.0,102.5,2.0,97.833,11.0,296.83299999999997,98.944,7.0
中京,8,9,エンドレスロード,93.333,11.0,,,78.25,16.0,,,
中京,8,10,カルフ,86.833,15.0,93.5,13.0,114.0,2.0,294.33299999999997,98.111,8.0
中京,8,11,オレノアイバ,115.5,1.0,96.0,11.0,104.333,5.0,315.83299999999997,105.278,3.0
中京,8,12,シュレン,106.667,3.0,102.333,3.0,110.125,4.0,319.125,106.375,2.0
中京,8,13,メイケイレイン,92.333,13.0,99.167,8.0,101.833,7.0,293.33299999999997,97.778,11.0
中京,8,14,バーケンティン,93.0,12.0,102.0,4.0,94.167,14.0,289.16700000000003,96.389,12.0
中京,8,15,スーパーバイザー,,,99.0,9.0,101.667,8.0,,,
中京,8,16,キョウエイカンセ,96.833,8.0,94.0,12.0,97.833,11.0,288.666,96.222,13.0
中京,9,1,ララマルシュドロワ,92.333,11.0,,,86.375,12.0,,,
中京,9,2,レッドシュトラール,98.333,6.0,101.0,6.0,90.5,10.0,289.83299999999997,96.611,9.0
中京,9,3,スコーピオンイメル,104.333,3.0,103.5,4.0,102.5,4.0,310.33299999999997,103.444,4.0
中京,9,4,ブラーブデシジョン,99.0,5.0,95.0,9.0,99.5,8.0,293.5,97.833,6.0
中京,9,5,レッドボブ,96.0,8.0,104.625,2.0,113.25,1.0,313.875,104.625,1.0
中京,9,6,エテルノレガーメ,112.833,1.0,103.667,3.0,95.25,9.0,311.75,103.917,2.0
中京,9,7,モーメントキャッチ,105.667,2.0,94.75,10.0,100.25,7.0,300.66700000000003,100.222,5.0
中京,9,8,ノアヴィヴァーチェ,60.167,12.0,74.167,11.0,105.375,3.0,239.709,79.903,11.0
中京,9,9,ケイアイアルタイル,99.5,4.0,102.857,5.0,87.25,11.0,289.60699999999997,96.536,10.0
中京,9,10,タリスマン,98.0,7.0,104.75,1.0,108.375,2.0,311.125,103.708,3.0
中京,9,11,ゼットエイト,94.333,9.0,95.333,8.0,102.125,5.0,291.791,97.264,8.0
中京,9,12,ジェロニモス,92.667,10.0,98.875,7.0,100.875,6.0,292.41700000000003,97.472,7.0
中京,10,1,マイネルシーマー,103.167,4.0,97.5,7.0,97.75,6.0,298.41700000000003,99.472,5.0
中京,10,2,サイモンルモンド,98.833,6.0,,,92.875,8.0,,,
中京,10,3,ジェットブレード,104.0,3.0,109.5,1.0,95.667,7.0,309.16700000000003,103.056,2.0
中京,10,4,オルトパラティウム,90.333,9.0,93.5,9.0,99.125,4.0,282.95799999999997,94.319,8.0
中京,10,5,バルナバ,100.0,5.0,97.125,8.0,107.0,2.0,304.125,101.375,3.0
中京,10,6,レイヤードレッド,97.667,7.0,101.286,5.0,102.5,3.0,301.453,100.484,4.0
中京,10,7,ダノンジョーカー,92.333,8.0,97.625,6.0,99.125,4.0,289.08299999999997,96.361,6.0
中京,10,8,ビッグデイメイク,64.0,10.0,104.5,3.0,91.167,9.0,259.66700000000003,86.556,9.0
中京,10,9,イーサンアイ,119.667,1.0,104.5,3.0,110.833,1.0,335.0,111.667,1.0
中京,10,10,バンフィエルド,109.5,2.0,104.625,2.0,73.167,10.0,287.29200000000003,95.764,7.0
中京,11,1,ロードトレイル,96.667,6.0,101.333,4.0,102.333,3.0,300.33299999999997,100.111,4.0
中京,11,2,エコロマーズ,88.0,10.0,99.167,6.0,109.0,2.0,296.16700000000003,98.722,5.0
中京,11,3,ブラックケリー,92.167,8.0,96.0,7.0,101.667,5.0,289.834,96.611,9.0
中京,11,4,ベイビーキッス,105.0,1.0,106.667,3.0,94.333,8.0,306.0,102.0,3.0
中京,11,5,キャプテンシー,97.0,5.0,95.75,8.0,102.167,4.0,294.91700000000003,98.306,6.0
中京,11,6,ダークエクリプス,104.667,2.0,95.5,9.0,90.5,10.0,290.66700000000003,96.889,8.0
中京,11,7,モズナナスター,95.667,7.0,135.5,1.0,101.167,6.0,332.334,110.778,1.0
中京,11,8,サウスバンク,101.333,3.0,117.167,2.0,109.5,1.0,328.0,109.333,2.0
中京,11,9,ジャスリー,92.167,8.0,101.25,5.0,99.5,7.0,292.91700000000003,97.639,7.0
中京,11,10,オソレ,99.333,4.0,,,93.5,9.0,,,
中京,12,1,フォーカルフラワー,92.167,10.0,101.375,9.0,90.5,12.0,284.04200000000003,94.681,12.0
中京,12,2,エナジーショット,96.667,8.0,106.667,3.0,111.625,1.0,314.959,104.986,1.0
中京,12,3,ウインベアトリス,69.5,15.0,93.25,15.0,104.5,7.0,267.25,89.083,15.0
中京,12,4,カントゥータ,,,102.875,7.0,103.75,8.0,,,
中京,12,5,レッドレナート,98.333,6.0,102.0,8.0,101.5,9.0,301.83299999999997,100.611,5.0
中京,12,6,スナークピカソ,101.0,5.0,107.25,2.0,89.75,13.0,298.0,99.333,10.0
中京,12,7,ニシノインヴィクタ,105.0,4.0,108.0,1.0,88.167,14.0,301.16700000000003,100.389,7.0
中京,12,8,イリスアスール,85.0,13.0,105.0,4.0,108.333,3.0,298.33299999999997,99.444,9.0
中京,12,9,シャインバオバブ,97.0,7.0,99.5,12.0,104.833,6.0,301.33299999999997,100.444,6.0
中京,12,10,ストレイトアスク,85.167,12.0,99.625,11.0,99.333,10.0,284.125,94.708,11.0
中京,12,11,タイキバルドル,115.833,1.0,96.0,13.0,88.0,15.0,299.83299999999997,99.944,8.0
中京,12,12,キタノクニカラ,90.0,11.0,103.875,5.0,109.5,2.0,303.375,101.125,4.0
中京,12,13,カウンティフェア,84.667,14.0,88.6,16.0,105.0,5.0,278.267,92.756,14.0
中京,12,14,ゴールドブレス,110.5,2.0,95.333,14.0,108.0,4.0,313.83299999999997,104.611,2.0
中京,12,15,ドライグ,108.0,3.0,100.0,10.0,96.625,11.0,304.625,101.542,3.0
中京,12,16,カイトグート,95.667,9.0,103.167,6.0,83.0,16.0,281.834,93.945,13.0
阪神,1,1,ショウナンサフィラ,103.0,1.0,103.625,3.0,96.833,6.0,303.45799999999997,101.153,4.0
阪神,1,2,ノービレ,97.167,6.0,,,75.833,10.0,,,
阪神,1,3,クレマチス,93.667,7.0,115.875,2.0,110.833,1.0,320.375,106.792,1.0
阪神,1,4,タケルフォーカス,92.0,8.0,100.0,6.0,104.667,5.0,296.66700000000003,98.889,5.0
阪神,1,5,ディアギレフ,,,97.167,7.0,104.833,4.0,,,
阪神,1,6,レッドブライトン,100.333,2.0,100.125,5.0,106.333,3.0,306.791,102.264,3.0
阪神,1,7,アメジストロード,,,,,94.833,8.0,,,
阪神,1,8,サリー,,,91.75,8.0,,,,,
阪神,1,9,キボウホー,98.0,3.0,,,107.667,2.0,,,
阪神,1,10,サンライズケヴィン,97.333,5.0,120.333,1.0,96.0,7.0,313.666,104.555,2.0
阪神,1,11,メイショウナナシロ,97.5,4.0,102.0,4.0,91.667,9.0,291.16700000000003,97.056,6.0
阪神,2,1,ウイントッペン,98.167,7.0,,,101.5,4.0,,,
阪神,2,2,モズタイシソウシ,,,124.571,2.0,93.833,12.0,,,
阪神,2,3,ショウナンアワード,96.333,10.0,108.25,4.0,,,,,
阪神,2,4,ココラッシー,,,82.143,12.0,101.5,4.0,,,
阪神,2,5,ビナハイバン,106.667,1.0,97.25,7.0,105.667,2.0,309.584,103.195,2.0
阪神,2,6,フィアレスウィル,93.667,13.0,102.429,5.0,96.667,9.0,292.76300000000003,97.588,5.0
阪神,2,7,ジーティーピカソ,97.5,9.0,,,155.6,1.0,,,
阪神,2,8,キングケープ,100.0,6.0,139.571,1.0,101.75,3.0,341.321,113.774,1.0
阪神,2,9,バトルアックス,105.333,2.0,71.5,14.0,94.333,11.0,271.166,90.389,9.0
阪神,2,10,ブルースプレイヤー,,,97.25,7.0,97.0,7.0,,,
阪神,2,11,ビーチェマーレ,98.0,8.0,96.833,9.0,96.833,8.0,291.666,97.222,6.0
阪神,2,12,ルクスドリーム,105.333,2.0,100.75,6.0,88.0,14.0,294.08299999999997,98.028,4.0
阪神,2,13,ジャーナーリア,95.667,11.0,94.0,10.0,93.833,12.0,283.5,94.5,8.0
阪神,2,14,アミラル,94.333,12.0,111.6,3.0,97.875,6.0,303.808,101.269,3.0
阪神,2,15,カナタコナタ,100.333,5.0,82.143,12.0,83.667,15.0,266.14300000000003,88.714,10.0
阪神,2,16,セルシャーム,103.0,4.0,89.75,11.0,95.667,10.0,288.41700000000003,96.139,7.0
阪神,3,1,ミエノクラウン,106.5,2.0,92.5,6.0,100.5,5.0,299.5,99.833,3.0
阪神,3,2,アクティングエリア,98.167,7.0,97.0,5.0,97.5,7.0,292.66700000000003,97.556,5.0
阪神,3,3,サトノビダーヤ,98.833,6.0,,,94.833,9.0,,,
阪神,3,4,シャドウクライ,104.333,3.0,109.286,1.0,109.0,3.0,322.619,107.54,1.0
阪神,3,5,イノリ,,,,,94.833,9.0,,,
阪神,3,6,テーオーアルアイン,97.333,8.0,81.667,7.0,107.0,4.0,286.0,95.333,7.0
阪神,3,7,ラップトップ,,,,,109.5,2.0,,,
阪神,3,8,サーブルディアマン,99.0,5.0,98.833,4.0,91.0,11.0,288.83299999999997,96.278,6.0
阪神,3,9,ブライトエアリー,96.0,9.0,100.4,3.0,98.167,6.0,294.567,98.189,4.0
阪神,3,10,ヒメヒオウギ,109.167,1.0,,,109.625,1.0,,,
阪神,3,11,インナーヴォイス,103.0,4.0,102.167,2.0,96.833,8.0,302.0,100.667,2.0
阪神,4,1,ノーブルマドンナ,98.5,7.0,,,73.667,10.0,,,
阪神,4,2,テイエムスティール,,,107.667,2.0,81.667,9.0,,,
阪神,4,3,アカウフリューゲル,100.167,3.0,101.0,3.0,97.0,3.0,298.16700000000003,99.389,3.0
阪神,4,4,ゼフィルス,96.833,9.0,153.8,1.0,93.167,6.0,343.8,114.6,1.0
阪神,4,5,メカニックバレエ,97.333,8.0,,,95.667,4.0,,,
阪神,4,6,ギフテッドスペック,109.167,1.0,95.333,7.0,83.333,8.0,287.83299999999997,95.944,7.0
阪神,4,7,ララディアーブル,98.667,6.0,98.667,5.0,93.5,5.0,290.834,96.945,5.0
阪神,4,8,レジーナテンペスタ,96.833,9.0,99.667,4.0,,,,,
阪神,4,9,サトノロザリー,99.167,5.0,93.333,9.0,102.167,2.0,294.66700000000003,98.222,4.0
阪神,4,10,センリョウヤクシャ,100.667,2.0,95.333,7.0,108.833,1.0,304.83299999999997,101.611,2.0
阪神,4,11,モヴシエラ,100.167,3.0,97.167,6.0,91.833,7.0,289.16700000000003,96.389,6.0
阪神,5,1,ジェラルリスト,99.8,3.0,101.0,3.0,,,,,
阪神,5,2,エドウィンナルコ,97.4,5.0,94.833,6.0,94.0,5.0,286.233,95.411,5.0
阪神,5,3,ページターナー,100.0,2.0,101.167,2.0,97.333,3.0,298.5,99.5,4.0
阪神,5,4,ブラックシャリマー,100.4,1.0,100.5,4.0,107.833,2.0,308.733,102.911,2.0
阪神,5,5,ダノンステート,84.8,6.0,99.667,5.0,133.833,1.0,318.29999999999995,106.1,1.0
阪神,5,6,レグラヴィエール,98.8,4.0,104.833,1.0,96.333,4.0,299.966,99.989,3.0
阪神,6,1,モンサンゴールデン,98.8,4.0,93.167,4.0,106.0,2.0,297.967,99.322,3.0
阪神,6,2,カネコメブライト,95.8,6.0,104.167,2.0,107.667,1.0,307.634,102.545,2.0
阪神,6,3,エイシンディアマン,102.4,2.0,108.429,1.0,105.143,3.0,315.972,105.324,1.0
阪神,6,4,テーオーナタリー,97.4,5.0,,,91.833,7.0,,,
阪神,6,5,シラヌイ,102.2,3.0,,,97.333,5.0,,,
阪神,6,6,キンダープンシュ,105.2,1.0,96.0,3.0,96.333,6.0,297.533,99.178,4.0
阪神,6,7,テーオーグレーザー,91.4,7.0,,,100.0,4.0,,,
阪神,7,1,ミヤジテン,106.0,1.0,93.286,10.0,72.714,10.0,272.0,90.667,8.0
阪神,7,2,ニホンピロマリンバ,,,,,100.714,4.0,,,
阪神,7,3,マハナ,104.0,2.0,98.833,6.0,,,,,
阪神,7,4,アイブリンク,98.8,7.0,126.667,1.0,98.571,5.0,324.038,108.013,1.0
阪神,7,5,オーケーエンジェル,98.4,8.0,106.0,2.0,94.429,7.0,298.829,99.61,4.0
阪神,7,6,コンテナライン,102.2,5.0,96.833,7.0,103.0,3.0,302.033,100.678,3.0
阪神,7,7,パシフィックハイ,103.4,4.0,102.667,4.0,107.0,1.0,313.067,104.356,2.0
阪神,7,8,ヒラリーステップ,,,95.833,9.0,93.714,8.0,,,
阪神,7,9,イフリーティア,97.0,9.0,101.0,5.0,95.857,6.0,293.85699999999997,97.952,7.0
阪神,7,10,エコロカレン,101.8,6.0,89.0,11.0,,,,,
阪神,7,11,ラテライト,104.0,2.0,102.833,3.0,90.143,9.0,296.976,98.992,5.0
阪神,7,12,アロマフェリス,93.0,10.0,96.0,8.0,105.857,2.0,294.85699999999997,98.286,6.0
阪神,8,1,スリーピース,92.6,7.0,101.857,3.0,105.667,4.0,300.124,100.041,4.0
阪神,8,2,フォルティーナ,104.2,2.0,100.5,5.0,92.833,9.0,297.533,99.178,5.0
阪神,8,3,ヨシノヤッタルデー,98.0,5.0,103.333,2.0,106.5,3.0,307.83299999999997,102.611,2.0
阪神,8,4,ディーエスショウマ,,,101.286,4.0,97.0,6.0,,,
阪神,8,5,フェリ,,,100.333,6.0,109.0,1.0,,,
阪神,8,6,プロテア,,,99.333,10.0,107.143,2.0,,,
阪神,8,7,クーデール,102.2,3.0,98.5,11.0,89.143,10.0,289.84299999999996,96.614,7.0
阪神,8,8,スペシャルナンバー,97.4,6.0,99.5,8.0,93.833,8.0,290.733,96.911,6.0
阪神,8,9,ディキシーガンナー,102.2,3.0,159.167,1.0,96.286,7.0,357.653,119.218,1.0
阪神,8,10,フィドルファドル,105.2,1.0,99.5,8.0,102.833,5.0,307.533,102.511,3.0
阪神,8,11,ゼンノツキヨミ,91.4,8.0,99.667,7.0,,,,,
阪神,9,1,オールセインツ,103.2,5.0,105.333,2.0,97.857,7.0,306.39,102.13,2.0
阪神,9,2,フェミナフォルテ,100.0,9.0,91.0,15.0,104.333,3.0,295.33299999999997,98.444,9.0
阪神,9,3,イケイケドンドン,102.0,7.0,91.714,14.0,81.286,13.0,275.0,91.667,13.0
阪神,9,4,エコロディノス,99.8,10.0,101.571,9.0,96.429,9.0,297.79999999999995,99.267,7.0
阪神,9,5,メイショウゲキリン,102.6,6.0,104.857,3.0,97.571,8.0,305.028,101.676,3.0
阪神,9,6,タガノデュード,105.6,1.0,95.429,12.0,103.833,4.0,304.86199999999997,101.621,4.0
阪神,9,7,ハギノアルデバラン,103.8,3.0,103.429,6.0,,,,,
阪神,9,8,ヒロノラメール,98.2,11.0,106.571,1.0,176.333,1.0,381.10400000000004,127.035,1.0
阪神,9,9,コスモフロイデ,101.8,8.0,103.429,6.0,98.333,6.0,303.562,101.187,5.0
阪神,9,10,ミッキーゴールド,97.4,12.0,103.714,5.0,93.714,11.0,294.828,98.276,10.0
阪神,9,11,エイカイマッケンロ,85.6,15.0,97.286,10.0,95.714,10.0,278.6,92.867,12.0
阪神,9,12,レミージュ,103.4,4.0,104.857,3.0,,,,,
阪神,9,13,ミアステラ,104.6,2.0,96.0,11.0,100.429,5.0,301.029,100.343,6.0
阪神,9,14,ダノンフロイデ,90.8,14.0,102.429,8.0,91.0,12.0,284.229,94.743,11.0
阪神,9,15,ガジュノリ,94.6,13.0,95.286,13.0,107.571,2.0,297.457,99.152,8.0
阪神,10,1,キュールエフウジン,102.2,9.0,96.571,12.0,106.143,5.0,304.914,101.638,7.0
阪神,10,2,テスティモーネ,102.0,10.0,105.143,4.0,108.833,3.0,315.976,105.325,2.0
阪神,10,3,ヨリノサファイヤ,101.8,11.0,100.286,8.0,110.0,2.0,312.086,104.029,5.0
阪神,10,4,ルージュアベリア,104.0,1.0,106.0,2.0,103.833,7.0,313.83299999999997,104.611,4.0
阪神,10,5,サイモンブーケ,103.2,6.0,93.857,14.0,90.0,15.0,287.057,95.686,13.0
阪神,10,6,メイショウミカワ,104.0,1.0,100.0,10.0,110.857,1.0,314.85699999999997,104.952,3.0
阪神,10,7,コスモジンバック,90.0,15.0,,,97.286,11.0,,,
阪神,10,8,レッドプロフェシー,102.8,8.0,100.143,9.0,96.429,13.0,299.37199999999996,99.791,10.0
阪神,10,9,シャルクハフト,103.4,5.0,104.143,5.0,94.667,14.0,302.21000000000004,100.737,9.0
阪神,10,10,ジャスパーグレイト,103.6,4.0,88.143,15.0,103.5,8.0,295.243,98.414,12.0
阪神,10,11,ノットイナフ,96.0,13.0,105.429,3.0,102.857,10.0,304.286,101.429,8.0
阪神,10,12,ワンパット,104.0,1.0,115.143,1.0,105.0,6.0,324.14300000000003,108.048,1.0
阪神,10,13,ロードプレジール,90.6,14.0,102.143,7.0,,,,,
阪神,10,14,ゲンパチムサシ,103.0,7.0,95.714,13.0,107.0,4.0,305.714,101.905,6.0
阪神,10,15,ロードマゼラン,,,98.714,11.0,103.0,9.0,,,
阪神,10,16,リューデスハイム,97.0,12.0,103.167,6.0,96.857,12.0,297.024,99.008,11.0
阪神,11,1,アンヘリータス,,,96.714,13.0,113.571,1.0,,,
阪神,11,2,レディーゴール,104.4,2.0,96.0,15.0,104.667,6.0,305.067,101.689,7.0
阪神,11,3,ミツカネベネラ,94.8,14.0,97.167,12.0,93.0,14.0,284.967,94.989,14.0
阪神,11,4,アランカール,100.8,10.0,96.667,14.0,99.0,11.0,296.467,98.822,11.0
阪神,11,5,ギャラボーグ,101.8,9.0,100.857,9.0,108.714,3.0,311.371,103.79,4.0
阪神,11,6,アルバンヌ,104.0,4.0,101.2,8.0,101.5,9.0,306.7,102.233,6.0
阪神,11,7,マーゴットラヴミー,97.8,12.0,103.333,5.0,89.833,16.0,290.966,96.989,12.0
阪神,11,8,ヒズマスターピース,103.6,5.0,104.0,4.0,93.0,14.0,300.6,100.2,9.0
阪神,11,9,スターアニス,98.8,11.0,103.0,6.0,109.429,2.0,311.22900000000004,103.743,5.0
阪神,11,10,イヌボウノウタゴエ,104.2,3.0,163.5,1.0,83.8,18.0,351.5,117.167,1.0
阪神,11,11,スウィートハピネス,69.4,17.0,98.0,11.0,104.667,6.0,272.067,90.689,15.0
阪神,11,12,メイプルハッピー,102.8,7.0,94.0,16.0,104.667,6.0,301.467,100.489,8.0
阪神,11,13,フロムレイブン,135.4,1.0,110.667,3.0,86.333,17.0,332.4,110.8,3.0
阪神,11,14,スタニングレディ,95.2,13.0,,,108.5,4.0,,,
阪神,11,15,ラスティングスノー,102.8,7.0,127.333,2.0,106.167,5.0,336.29999999999995,112.1,2.0
阪神,11,16,ローズカリス,93.0,16.0,100.429,10.0,96.0,13.0,289.429,96.476,13.0
阪神,11,17,タイセイボーグ,103.0,6.0,,,97.667,12.0,,,
阪神,11,18,ショウナンカリス,94.8,14.0,102.143,7.0,101.333,10.0,298.27599999999995,99.425,10.0
阪神,12,1,ダノンキラウェア,102.4,4.0,98.857,7.0,95.167,5.0,296.424,98.808,4.0
阪神,12,2,ブライティアダイヤ,98.2,6.0,102.0,5.0,94.0,7.0,294.2,98.067,5.0
阪神,12,3,マルカオペラ,92.8,8.0,99.571,6.0,98.857,4.0,291.22799999999995,97.076,7.0
阪神,12,4,トーホウガレオン,102.6,3.0,106.0,1.0,103.714,1.0,312.31399999999996,104.105,1.0
阪神,12,5,シホノペルフェット,,,104.714,2.0,91.667,8.0,,,
阪神,12,6,テラステラ,104.4,1.0,96.714,8.0,101.429,2.0,302.543,100.848,3.0
阪神,12,7,ウォータークラーク,97.4,7.0,,,95.0,6.0,,,
阪神,12,8,ネーヴェフレスカ,103.0,2.0,104.0,3.0,100.167,3.0,307.16700000000003,102.389,2.0
阪神,12,9,ルクスジニア,98.6,5.0,103.857,4.0,89.571,9.0,292.028,97.343,6.0
阪神,12,10,プチプラージュ,,,95.286,9.0,,,,,
