場所,R,クラス,種別,距離,馬場状態,馬番,馬名,年齢,騎手名,調教師名,脚質傾向,コース複勝率,距離帯複勝率,距離区分,回り,道悪判定,レースレベル,種牡馬名,臨戦過程,距離変遷,推定人気,人気ランク,テン1F_過去,テン1F_過去_ランク,テン1F_前走,テン1F_前走_ランク,テン_T,テン_T_ランク,上がり_T,上がり_T_ランク,前走_評価,前々走_評価,3走前_評価,4走前_評価,5走前_評価
東京,1,未勝利,芝,1600,良,1,オーシャンステラ,2歳,丹内祐次,菊沢隆徳,先行,,0.0,短距離,左回り,,Lv1 ,420.0,休明初戦,距離短縮,4,C,12.8,3.0,12.8,2.0,36.0,5.0,34.7,5.0,C,C,,,
東京,1,未勝利,芝,1600,良,2,ウインドオブヘヴン,2歳,横山武史,戸田博文,差し,,0.0,短距離,左回り,,Lv1 ,468.0,,,5,D,12.9,5.0,12.9,4.0,38.2,,34.6,3.0,B,,,,
東京,1,未勝利,芝,1600,良,3,ニシノカルラ,2歳,大野拓弥,和田勇介,差し,0.0,0.0,短距離,左回り,,Lv1 ,442.0,,,7,D,12.6,2.0,12.6,1.0,35.5,2.0,34.2,1.0,C,C,B,C,
東京,1,未勝利,芝,1600,良,4,マイネルメテオーラ,2歳,石神深道,小笠倫弘,差し,,,短距離,左回り,,Lv1 ,522.0,,,11,E,13.2,9.0,13.2,9.0,38.0,,39.9,,B,,,,
東京,1,未勝利,芝,1600,良,5,ストロボエッジ,2歳,岩部純二,萱野浩二,追込,,,短距離,左回り,,Lv1 ,444.0,,距離延長,12,E,13.8,12.0,13.8,11.0,38.1,,39.5,,C,,,,
東京,1,未勝利,芝,1600,良,6,ツキノマバタキ,2歳,石橋脩,牧光二,逃げ,0.0,,短距離,左回り,,Lv1 ,436.0,,距離短縮,8,D,13.1,6.0,13.1,6.0,35.6,3.0,36.0,,C,B,,,
東京,1,未勝利,芝,1600,良,7,サザンテイオー,2歳,戸崎圭太,根本康広,先行,100.0,25.0,短距離,左回り,,Lv1 ,444.0,,,3,C,12.5,1.0,13.0,5.0,35.7,4.0,34.6,3.0,C,B,C,C,D
東京,1,未勝利,芝,1600,良,8,ジェイドテソーロ,2歳,木幡巧也,千葉直人,逃げ,,,短距離,左回り,,Lv1 ,428.0,休明2走,距離延長,9,E,13.1,6.0,13.1,6.0,36.9,,36.8,,C,D,,,
東京,1,未勝利,芝,1600,良,9,グランマエストロ,2歳,ルメール,木村哲也,差し,,,短距離,左回り,,Lv1 ,500.0,,距離延長,1,B,13.2,9.0,13.2,9.0,36.6,6.0,36.1,,B,,,,
東京,1,未勝利,芝,1600,良,10,グランセレスト,2歳,三浦皇成,竹内正洋,先行,0.0,,短距離,左回り,,Lv1 ,518.0,,距離短縮,2,C,12.8,3.0,12.8,2.0,35.3,1.0,34.9,6.0,D,D,D,,
東京,1,未勝利,芝,1600,良,11,マリノリュミエール,2歳,黛弘人,村田一誠,先行,,,短距離,左回り,,Lv1 ,452.0,,距離短縮,6,D,13.7,11.0,14.4,12.0,39.0,,34.2,1.0,C,D,,,
東京,1,未勝利,芝,1600,良,12,シュガームーン,2歳,菊沢一樹,的場均,追込,0.0,0.0,短距離,左回り,,Lv1 ,406.0,連闘,,10,E,13.1,6.0,13.1,6.0,36.8,,35.3,,D,B,,,
東京,2,未勝利,ダート,1400,重,1,ニシノゲッパク,2歳,今村聖奈,伊藤伸一,差し,,,短距離,左回り,ダ道悪,Lv2 ,474.0,,距離延長,12,E,12.9,7.0,12.9,6.0,37.6,,38.0,6.0,C,,,,
東京,2,未勝利,ダート,1400,重,2,エクスプレスナイト,2歳,原優介,青木孝文,追込,0.0,0.0,短距離,左回り,ダ道悪,Lv2 ,468.0,,,11,D,12.8,6.0,13.4,11.0,37.0,7.0,37.9,5.0,C,D,D,C,
東京,2,未勝利,ダート,1400,重,3,フォークスアップ,2歳,団野大成,勢司和浩,差し,,,短距離,左回り,ダ道悪,Lv2 ,480.0,,距離延長,9,D,13.0,9.0,13.0,7.0,,,,,B,,,,
東京,2,未勝利,ダート,1400,重,4,ユイノカタリベ,2歳,木幡初也,竹内正洋,追込,0.0,0.0,短距離,左回り,ダ道悪,Lv2 ,516.0,,,13,E,13.0,9.0,13.2,8.0,36.9,6.0,38.5,,C,C,C,D,
東京,2,未勝利,ダート,1400,重,5,リスペクトライト,2歳,石神深道,和田正一,追込,,,短距離,左回り,ダ道悪,Lv2 ,436.0,,距離延長,14,E,13.4,13.0,13.4,11.0,37.5,,37.2,3.0,B,C,,,
東京,2,未勝利,ダート,1400,重,6,ランニングビーチ,2歳,木幡巧也,牧光二,逃げ,0.0,0.0,短距離,左回り,ダ道悪,Lv2 ,472.0,休明2走,,7,D,12.6,4.0,12.6,2.0,35.5,3.0,39.9,,C,C,,,
東京,2,未勝利,ダート,1400,重,7,アクロスメモリア,2歳,プーシャ,田島俊明,追込,100.0,100.0,短距離,左回り,ダ道悪,Lv2 ,480.0,,距離延長,3,C,14.3,14.0,14.3,14.0,39.0,,36.7,1.0,D,,,,
東京,2,未勝利,ダート,1400,重,8,スーパーチャイルド,2歳,菊沢一樹,本間忍,先行,0.0,,短距離,左回り,ダ道悪,Lv2 ,492.0,休明2走,距離短縮,10,D,12.6,4.0,12.6,2.0,35.5,3.0,40.1,,B,B,,,
東京,2,未勝利,ダート,1400,重,9,マイネルテオドロス,2歳,Ｃ．デム,菊川正達,先行,100.0,100.0,短距離,左回り,ダ道悪,Lv2 ,458.0,,,4,C,12.4,1.0,12.8,5.0,36.3,5.0,38.3,7.0,C,C,,,
東京,2,未勝利,ダート,1400,重,10,イーアンベ,2歳,柴田大知,和田雄二,追込,0.0,0.0,短距離,左回り,ダ道悪,Lv2 ,464.0,,距離延長,8,D,13.0,9.0,14.2,13.0,37.8,,37.1,2.0,D,C,,,
東京,2,未勝利,ダート,1400,重,11,ティブロン,2歳,横山和生,矢嶋大樹,先行,,,短距離,左回り,ダ道悪,Lv2 ,538.0,,距離短縮,6,D,12.9,7.0,13.3,10.0,37.1,,40.3,,C,D,B,D,
東京,2,未勝利,ダート,1400,重,12,ホテルストリート,2歳,横山武史,伊藤大士,差し,,,短距離,左回り,ダ道悪,Lv2 ,490.0,,,5,D,13.2,12.0,13.2,8.0,,,,,B,,,,
東京,2,未勝利,ダート,1400,重,13,ウィングブルー,2歳,レーン,斎藤誠,先行,100.0,,短距離,左回り,ダ道悪,Lv2 ,496.0,,距離短縮,2,B,12.4,1.0,12.4,1.0,34.9,1.0,39.6,,C,C,C,D,
東京,2,未勝利,ダート,1400,重,14,ヘリテージブルーム,2歳,戸崎圭太,伊藤圭三,先行,100.0,100.0,短距離,左回り,ダ道悪,Lv2 ,448.0,休明3走,,1,A,12.5,3.0,12.7,4.0,35.2,2.0,37.3,4.0,C,B,C,,
東京,3,未勝利,芝,1800,良,1,ファーザーアウェイ,2歳,三浦皇成,尾関知人,差し,0.0,0.0,中距離,左回り,,Lv1 ,468.0,,,3,B,14.2,8.0,14.2,8.0,37.8,5.0,34.2,2.0,B,,,,
東京,3,未勝利,芝,1800,良,2,ユイアンゴロー,2歳,原田和真,栗田徹,差し,0.0,0.0,中距離,左回り,,Lv1 ,484.0,,,8,E,13.9,7.0,13.9,7.0,39.1,,34.7,,B,,,,
東京,3,未勝利,芝,1800,良,3,マイネルディザイア,2歳,丹内祐次,西園正都,差し,0.0,0.0,中距離,左回り,,Lv1 ,432.0,,,2,B,13.6,4.0,13.6,4.0,36.8,3.0,34.6,5.0,B,,,,
東京,3,未勝利,芝,1800,良,4,モリインビクタス,2歳,小林脩斗,伊藤伸一,先行,0.0,,中距離,左回り,,Lv1 ,484.0,休明3走,距離短縮,6,D,13.2,2.0,13.2,2.0,37.2,4.0,33.8,1.0,C,C,B,,
東京,3,未勝利,芝,1800,良,5,ルンベーラ,2歳,吉田隼人,菊川正達,追込,,,中距離,左回り,,Lv1 ,460.0,連闘,距離延長,5,D,14.5,9.0,14.5,9.0,39.4,,34.8,,B,,,,
東京,3,未勝利,芝,1800,良,6,タッセルノット,2歳,ルメール,林徹,差し,,100.0,中距離,左回り,,Lv1 ,472.0,,,1,A,13.6,4.0,13.6,4.0,38.0,,35.4,,B,,,,
東京,3,未勝利,芝,1800,良,7,カイトアザリー,2歳,石神深道,和田雄二,追込,,,中距離,左回り,,Lv1 ,408.0,,距離延長,10,E,12.9,1.0,12.9,1.0,35.9,1.0,36.0,,C,E,D,,
東京,3,未勝利,芝,1800,良,8,マイネルアルゴー,2歳,木幡初也,清水英克,差し,0.0,0.0,中距離,左回り,,Lv1 ,434.0,,,7,D,14.7,10.0,14.7,10.0,39.3,,34.3,3.0,B,,,,
東京,3,未勝利,芝,1800,良,9,トーアシチフクジン,2歳,江田照男,村田一誠,差し,0.0,,中距離,左回り,,Lv1 ,460.0,休明2走,距離延長,4,D,13.3,3.0,13.4,3.0,36.3,2.0,34.7,,C,C,,,
東京,3,未勝利,芝,1800,良,10,イデアジュアンイハ,2歳,石橋脩,小野次郎,差し,0.0,,中距離,左回り,,Lv1 ,432.0,,距離延長,9,E,13.6,4.0,13.6,4.0,37.9,,34.4,4.0,D,,,,
東京,4,新馬,芝,1600,良,1,フューチャプライム,2歳,プーシャ,相沢郁,,,,短距離,左回り,,Lv2 ,410.0,,,6,D,,,,,,,,,,,,,
東京,4,新馬,芝,1600,良,2,モンペリエ,2歳,菊沢一樹,土田稔,,,,短距離,左回り,,Lv2 ,434.0,,,14,E,,,,,,,,,,,,,
東京,4,新馬,芝,1600,良,3,ウインモアナ,2歳,石神深道,千葉直人,,,,短距離,左回り,,Lv2 ,410.0,,,16,E,,,,,,,,,,,,,
東京,4,新馬,芝,1600,良,4,ニシノナスタチウム,2歳,内田博幸,武市康男,,,,短距離,左回り,,Lv2 ,456.0,,,13,E,,,,,,,,,,,,,
東京,4,新馬,芝,1600,良,5,ワイズファミリア,2歳,菅原明良,本間忍,,,,短距離,左回り,,Lv2 ,474.0,,,10,E,,,,,,,,,,,,,
東京,4,新馬,芝,1600,良,6,ワンワールド,2歳,戸崎圭太,藤岡健一,,,,短距離,左回り,,Lv2 ,436.0,,,5,D,,,,,,,,,,,,,
東京,4,新馬,芝,1600,良,7,ベルサンローラン,2歳,団野大成,清水久詞,,,,短距離,左回り,,Lv2 ,460.0,,,11,E,,,,,,,,,,,,,
東京,4,新馬,芝,1600,良,8,モートンアイランド,2歳,ルメール,手塚貴久,,,,短距離,左回り,,Lv2 ,430.0,,,1,B,,,,,,,,,,,,,
東京,4,新馬,芝,1600,良,9,シヴィータス,2歳,横山和生,大竹正博,,,,短距離,左回り,,Lv2 ,450.0,,,9,D,,,,,,,,,,,,,
東京,4,新馬,芝,1600,良,10,グレイシエーション,2歳,レーン,栗田徹,,,,短距離,左回り,,Lv2 ,468.0,,,4,C,,,,,,,,,,,,,
東京,4,新馬,芝,1600,良,11,アンジュリオ,2歳,吉田豊,高橋文雅,,,,短距離,左回り,,Lv2 ,474.0,,,12,E,,,,,,,,,,,,,
東京,4,新馬,芝,1600,良,12,ペリバジャ,2歳,横山武史,和田正一,,,,短距離,左回り,,Lv2 ,416.0,,,8,D,,,,,,,,,,,,,
東京,4,新馬,芝,1600,良,13,ライヴギムレット,2歳,上里直汰,大和田成,,,,短距離,左回り,,Lv2 ,466.0,,,15,E,,,,,,,,,,,,,
東京,4,新馬,芝,1600,良,14,シェーロドラート,2歳,津村明秀,加藤士津,,,,短距離,左回り,,Lv2 ,468.0,,,3,C,,,,,,,,,,,,,
東京,4,新馬,芝,1600,良,15,オドラタス,2歳,丹内祐次,林徹,,,,短距離,左回り,,Lv2 ,422.0,,,7,D,,,,,,,,,,,,,
東京,4,新馬,芝,1600,良,16,ペスキエーラ,2歳,Ｃ．デム,須貝尚介,,,,短距離,左回り,,Lv2 ,464.0,,,2,B,,,,,,,,,,,,,
東京,5,新馬,芝,2000,良,1,アイアムコロンブス,2歳,武豊,奥平雅士,,,,中距離,左回り,,Lv1 ,470.0,,,3,C,,,,,,,,,,,,,
東京,5,新馬,芝,2000,良,2,アレステリオス,2歳,大野拓弥,辻哲英,,,,中距離,左回り,,Lv1 ,450.0,,,6,D,,,,,,,,,,,,,
東京,5,新馬,芝,2000,良,3,アドマイヤフク,2歳,プーシャ,加藤征弘,,,,中距離,左回り,,Lv1 ,428.0,,,5,D,,,,,,,,,,,,,
東京,5,新馬,芝,2000,良,4,ラブトゥエニイワン,2歳,横山典弘,尾関知人,,,,中距離,左回り,,Lv1 ,470.0,,,2,C,,,,,,,,,,,,,
東京,5,新馬,芝,2000,良,5,アローメタル,2歳,ルメール,木村哲也,,,,中距離,左回り,,Lv1 ,508.0,,,1,A,,,,,,,,,,,,,
東京,5,新馬,芝,2000,良,6,ミョンソクコムドリ,2歳,黛弘人,奥平雅士,,,,中距離,左回り,,Lv1 ,480.0,,,9,E,,,,,,,,,,,,,
東京,5,新馬,芝,2000,良,7,ツインドライヴ,2歳,石田拓郎,新開幸一,,,,中距離,左回り,,Lv1 ,510.0,,,8,D,,,,,,,,,,,,,
東京,5,新馬,芝,2000,良,8,オメガディコン,2歳,戸崎圭太,浅利英明,,,,中距離,左回り,,Lv1 ,534.0,,,4,C,,,,,,,,,,,,,
東京,5,新馬,芝,2000,良,9,ヴォンサクレ,2歳,横山和生,勢司和浩,,,,中距離,左回り,,Lv1 ,480.0,,,7,D,,,,,,,,,,,,,
東京,6,自己条件,ダート,1400,重,1,ニシノジーク,4歳,内田博幸,奥平雅士,先行,33.33333333333333,33.33333333333333,短距離,左回り,ダ道悪,Lv3 ,512.0,休明初戦,距離延長,13,E,12.0,3.0,13.7,10.0,35.3,4.0,37.0,7.0,B,C,E,C,C
東京,6,自己条件,ダート,1400,重,2,マーゴットレーヴ,5歳以上,丸田恭介,伊坂重信,差し,37.5,42.85714285714285,短距離,左回り,ダ道悪,Lv3 ,476.0,休明2走,,7,D,12.1,6.0,13.8,12.0,36.6,,36.5,4.0,D,C,D,C,C
東京,6,自己条件,ダート,1400,重,3,サイモンカーチス,5歳以上,丸山元気,根本康広,差し,0.0,0.0,短距離,左回り,ダ道悪,Lv3 ,502.0,,距離短縮,11,E,11.9,1.0,13.5,9.0,36.0,,38.0,,B,C,C,C,D
東京,6,自己条件,ダート,1400,重,4,クニノハッピー,3歳,Ｃ．デム,田中剛,差し,66.66666666666666,60.0,短距離,左回り,ダ道悪,Lv3 ,478.0,休明2走,距離短縮,1,B,12.4,10.0,13.1,5.0,35.4,6.0,35.8,1.0,D,D,D,C,D
東京,6,自己条件,ダート,1400,重,5,キョウエイスレーヴ,3歳,原優介,萱野浩二,差し,37.5,60.0,短距離,左回り,ダ道悪,Lv3 ,446.0,休明2走,,6,D,12.6,12.0,13.8,12.0,35.3,4.0,36.2,2.0,C,D,C,C,B
東京,6,自己条件,ダート,1400,重,6,カフェブーケット,3歳,横山和生,柄崎将寿,先行,50.0,50.0,短距離,左回り,ダ道悪,Lv3 ,484.0,休明初戦,距離短縮,5,D,12.7,13.0,14.1,16.0,35.0,3.0,37.0,7.0,B,C,C,C,C
東京,6,自己条件,ダート,1400,重,7,アンクエンチャブル,4歳,三浦皇成,高柳瑞樹,差し,66.66666666666666,100.0,短距離,左回り,ダ道悪,Lv3 ,520.0,休明2走,,2,B,12.3,8.0,12.6,3.0,35.4,6.0,36.5,4.0,C,C,B,C,C
東京,6,自己条件,ダート,1400,重,8,ポッドベル,3歳,横山武史,和田勇介,差し,66.66666666666666,100.0,短距離,左回り,ダ道悪,Lv3 ,470.0,休明2走,,4,C,12.7,13.0,13.2,7.0,35.5,8.0,36.4,3.0,C,C,D,C,C
東京,6,自己条件,ダート,1400,重,9,クラウンウルル,3歳,吉田隼人,菊川正達,差し,,,短距離,左回り,ダ道悪,Lv3 ,470.0,,距離延長,14,E,12.0,3.0,13.7,10.0,36.3,,39.7,,C,C,B,C,C
東京,6,自己条件,ダート,1400,重,10,リッキースタイル,3歳,石橋脩,水野貴広,差し,0.0,0.0,短距離,左回り,ダ道悪,Lv3 ,472.0,休明2走,,12,E,12.8,15.0,13.9,15.0,37.3,,36.6,6.0,B,,C,C,C
東京,6,自己条件,ダート,1400,重,11,メッエフアパラ,4歳,大野拓弥,辻哲英,差し,0.0,0.0,短距離,左回り,ダ道悪,Lv3 ,456.0,休明初戦,,9,D,12.3,8.0,13.1,5.0,35.8,,37.1,,D,C,C,A,C
東京,6,自己条件,ダート,1400,重,12,プライムブルー,4歳,石田拓郎,新開幸一,逃げ,,0.0,短距離,左回り,ダ道悪,Lv3 ,546.0,,距離延長,16,E,11.9,1.0,11.9,1.0,34.7,2.0,39.4,,C,D,B,,
東京,6,自己条件,ダート,1400,重,13,シャドウキャッスル,3歳,戸崎圭太,田中勝春,先行,0.0,25.0,短距離,左回り,ダ道悪,Lv3 ,466.0,,距離短縮,3,C,12.0,3.0,12.5,2.0,34.4,1.0,37.2,,C,D,C,C,B
東京,6,自己条件,ダート,1400,重,14,メレカリキマカ,5歳以上,菊沢一樹,小島茂之,追込,11.11111111111111,12.5,短距離,左回り,ダ道悪,Lv3 ,502.0,,,15,E,12.8,15.0,13.8,12.0,36.7,,37.4,,C,D,C,C,B
東京,6,自己条件,ダート,1400,重,15,クリーンエア,4歳,津村明秀,上原博之,差し,,,短距離,左回り,ダ道悪,Lv3 ,476.0,休明2走,距離延長,8,D,12.5,11.0,13.2,7.0,,,,,B,B,C,C,D
東京,6,自己条件,ダート,1400,重,16,フレイムジョーカー,5歳以上,菅原明良,岩戸孝樹,先行,11.11111111111111,16.666666666666664,短距離,左回り,ダ道悪,Lv3 ,484.0,,,10,D,12.1,6.0,12.9,4.0,35.9,,37.4,,C,C,E,C,E
東京,7,自己条件,ダート,1600,重,1,ディースプレマシー,3歳,木幡巧也,牧光二,差し,0.0,0.0,短距離,左回り,ダ道悪,Lv4 ,454.0,休明初戦,距離短縮,12,E,13.2,12.0,13.7,13.0,37.9,,37.3,,B,C,C,C,B
東京,7,自己条件,ダート,1600,重,2,エースアビリティ,4歳,原田和真,堀内岳志,追込,50.0,0.0,短距離,左回り,ダ道悪,Lv4 ,488.0,休明2走,,16,E,12.9,11.0,13.2,9.0,36.0,6.0,36.0,3.0,C,D,C,C,C
東京,7,自己条件,ダート,1600,重,3,ロンドンアームズ,4歳,菊沢一樹,伊坂重信,追込,0.0,,短距離,左回り,ダ道悪,Lv4 ,462.0,休明2走,距離延長,14,E,12.4,1.0,14.0,15.0,,,,,B,B,C,C,C
東京,7,自己条件,ダート,1600,重,4,ウォーハンマー,5歳以上,石川裕紀,矢嶋大樹,先行,25.0,,短距離,左回り,ダ道悪,Lv4 ,496.0,休明初戦,距離短縮,13,E,12.5,4.0,12.8,4.0,35.1,1.0,37.7,,C,D,A,D,
東京,7,自己条件,ダート,1600,重,5,サムワンライクユー,5歳以上,内田博幸,佐藤吉勝,差し,12.5,14.285714285714285,短距離,左回り,ダ道悪,Lv4 ,482.0,休明3走,,11,E,12.5,4.0,13.0,6.0,35.3,4.0,36.9,,C,B,C,C,C
東京,7,自己条件,ダート,1600,重,6,ジェイエルマスター,3歳,横山典弘,小西一男,追込,100.0,100.0,短距離,左回り,ダ道悪,Lv4 ,486.0,休明2走,,1,B,13.5,15.0,13.9,14.0,36.1,8.0,34.7,1.0,B,C,C,A,B
東京,7,自己条件,ダート,1600,重,7,ファンタイムギフト,3歳,レーン,相沢郁,先行,50.0,50.0,短距離,左回り,ダ道悪,Lv4 ,502.0,休明2走,,4,C,12.5,4.0,12.6,2.0,36.3,,35.6,2.0,A,C,C,D,C
東京,7,自己条件,ダート,1600,重,8,スパークインザアイ,5歳以上,武藤雅,小島茂之,追込,20.0,25.0,短距離,左回り,ダ道悪,Lv4 ,494.0,,,15,E,12.6,7.0,12.8,4.0,36.3,,37.3,,B,C,C,C,C
東京,7,自己条件,ダート,1600,重,9,ドゥマーヴェリック,3歳,Ｃ．デム,萩原清,逃げ,,,短距離,左回り,ダ道悪,Lv4 ,466.0,休明初戦,距離短縮,2,C,12.7,8.0,13.1,8.0,36.7,,37.6,,C,C,C,D,
東京,7,自己条件,ダート,1600,重,10,ボルトテソーロ,3歳,戸崎圭太,栗田徹,先行,42.85714285714285,42.85714285714285,短距離,左回り,ダ道悪,Lv4 ,494.0,休明2走,,6,D,12.4,1.0,12.7,3.0,35.1,1.0,36.1,4.0,D,B,C,C,B
東京,7,自己条件,ダート,1600,重,11,ルヴァレドクール,3歳,横山和生,田村康仁,差し,50.0,50.0,短距離,左回り,ダ道悪,Lv4 ,498.0,休明初戦,,5,C,12.4,1.0,12.4,1.0,35.2,3.0,36.7,6.0,C,C,C,,
東京,7,自己条件,ダート,1600,重,12,スクレイピング,3歳,岩田康誠,尾関知人,追込,33.33333333333333,33.33333333333333,短距離,左回り,ダ道悪,Lv4 ,504.0,休明2走,,10,E,13.5,15.0,14.1,16.0,36.9,,36.7,6.0,B,C,E,C,
東京,7,自己条件,ダート,1600,重,13,ヘインズポイント,4歳,ルメール,高木登,先行,100.0,100.0,短距離,左回り,ダ道悪,Lv4 ,556.0,休明初戦,距離短縮,3,C,12.7,8.0,13.0,6.0,36.0,6.0,37.9,,B,B,D,C,C
東京,7,自己条件,ダート,1600,重,14,コーカサスゴールド,4歳,武豊,加藤和宏,追込,80.0,80.0,短距離,左回り,ダ道悪,Lv4 ,576.0,,,7,D,13.3,14.0,13.4,10.0,37.6,,36.7,6.0,B,C,C,C,C
東京,7,自己条件,ダート,1600,重,15,ゴットランド,3歳,団野大成,斎藤誠,先行,100.0,100.0,短距離,左回り,ダ道悪,Lv4 ,510.0,,距離短縮,9,D,12.8,10.0,13.5,12.0,35.7,5.0,36.9,,B,D,B,C,D
東京,7,自己条件,ダート,1600,重,16,エーデル,4歳,丹内祐次,金成貴史,差し,0.0,0.0,短距離,左回り,ダ道悪,Lv4 ,468.0,休明2走,,8,D,13.2,12.0,13.4,10.0,36.5,,36.6,5.0,D,D,C,C,C
東京,8,自己条件,芝,2000,良,1,ガローファノ,2歳,ルメール,黒岩陽一,差し,,,中距離,左回り,,Lv1 ,466.0,,距離延長,1,A,13.9,5.0,13.9,5.0,38.8,,35.2,,B,,,,
東京,8,自己条件,芝,2000,良,2,フォルテアンジェロ,2歳,戸崎圭太,上原佑紀,差し,,,中距離,左回り,,Lv1 ,448.0,,距離延長,2,A,13.0,1.0,13.0,1.0,37.2,,33.4,1.0,C,,,,
東京,8,自己条件,芝,2000,良,3,アッカン,2歳,池添謙一,奥村武,先行,,100.0,中距離,左回り,,Lv1 ,460.0,,,3,C,13.0,1.0,13.6,4.0,36.4,1.0,36.1,,C,C,D,,
東京,8,自己条件,芝,2000,良,4,コスモエルヴァル,2歳,丹内祐次,黒岩陽一,差し,,50.0,中距離,左回り,,Lv1 ,486.0,,,5,D,13.3,3.0,13.3,2.0,36.6,2.0,35.0,,B,E,,,
東京,8,自己条件,芝,2000,良,5,エリプティクカーブ,2歳,横山武史,萩原清,逃げ,,,中距離,左回り,,Lv1 ,468.0,,距離延長,4,C,13.3,3.0,13.3,2.0,37.6,,34.8,2.0,D,,,,
東京,9,自己条件,芝,1600,良,1,ジルバーン,5歳以上,池添謙一,緒方努,追込,,33.33333333333333,短距離,左回り,,Lv1 ,436.0,休明初戦,距離短縮,9,D,12.5,4.0,13.2,8.0,36.3,,33.3,,B,B,B,D,C
東京,9,自己条件,芝,1600,良,2,アンパドゥ,4歳,ルメール,木村哲也,差し,100.0,100.0,短距離,左回り,,Lv1 ,506.0,休明初戦,,1,B,12.9,8.0,12.9,4.0,35.6,,33.2,3.0,B,C,,,
東京,9,自己条件,芝,1600,良,3,ワンモアスマイル,3歳,レーン,藤岡健一,先行,50.0,66.66666666666666,短距離,左回り,,Lv1 ,452.0,休明2走,,3,C,12.6,5.0,12.6,3.0,35.1,2.0,33.7,,C,C,C,B,B
東京,9,自己条件,芝,1600,良,4,マテンロウバローズ,3歳,横山典弘,昆貢,差し,66.66666666666666,100.0,短距離,左回り,,Lv1 ,480.0,休明2走,,2,B,12.8,6.0,13.1,7.0,35.1,2.0,33.2,3.0,D,C,D,C,D
東京,9,自己条件,芝,1600,良,5,コリカンチャ,3歳,Ｃ．デム,斉藤崇史,差し,,100.0,短距離,左回り,,Lv1 ,482.0,休明初戦,,4,C,12.8,6.0,13.5,10.0,35.0,1.0,33.0,1.0,C,D,C,C,C
東京,9,自己条件,芝,1600,良,6,ヒロノゴウカイ,5歳以上,菅原隆一,蛯名利弘,追込,,0.0,短距離,左回り,,Lv1 ,502.0,休明初戦,距離延長,10,E,11.9,2.0,13.0,5.0,36.0,,34.3,,D,B,E,C,D
東京,9,自己条件,芝,1600,良,7,ストレイトトーカー,3歳,大野拓弥,岩戸孝樹,先行,33.33333333333333,60.0,短距離,左回り,,Lv1 ,474.0,休明2走,,6,D,12.4,3.0,12.4,2.0,35.3,5.0,34.1,,B,D,B,D,B
東京,9,自己条件,芝,1600,良,8,エンペラーズソード,3歳,菅原明良,高木登,先行,66.66666666666666,80.0,短距離,左回り,,Lv1 ,496.0,,,5,D,11.6,1.0,12.3,1.0,35.1,2.0,34.0,,B,D,D,B,C
東京,9,自己条件,芝,1600,良,9,アルゲンテウス,5歳以上,武豊,小島茂之,追込,40.0,27.27272727272727,短距離,左回り,,Lv1 ,468.0,,距離短縮,7,D,13.0,10.0,13.3,9.0,36.7,,33.2,3.0,B,B,A,E,B
東京,9,自己条件,芝,1600,良,10,ツルマウカタチ,4歳,嶋田純次,手塚貴久,差し,80.0,63.63636363636363,短距離,左回り,,Lv1 ,470.0,休明3走,,8,D,12.9,8.0,13.0,5.0,35.8,,33.1,2.0,C,A,B,A,B
東京,10,自己条件,ダート,1300,重,1,キュムロンニンバス,5歳以上,内田博幸,南田美知,追込,30.0,27.27272727272727,短距離,左回り,ダ道悪,Lv2 ,520.0,休明2走,距離短縮,9,D,12.3,7.0,13.7,8.0,35.5,,35.6,3.0,B,B,D,D,C
東京,10,自己条件,ダート,1300,重,2,ガンウルフ,5歳以上,丹内祐次,藤岡健一,逃げ,50.0,33.33333333333333,短距離,左回り,ダ道悪,Lv2 ,484.0,休明2走,距離短縮,5,D,12.1,4.0,12.7,2.0,35.0,3.0,36.9,,D,D,B,C,C
東京,10,自己条件,ダート,1300,重,3,ジャスリー,5歳以上,プーシャ,田島俊明,追込,40.0,25.0,短距離,左回り,ダ道悪,Lv2 ,528.0,休明2走,距離短縮,10,D,12.2,5.0,14.0,10.0,35.3,6.0,35.2,1.0,B,C,C,C,C
東京,10,自己条件,ダート,1300,重,4,ドーバーホーク,5歳以上,原優介,清水英克,追込,,,短距離,左回り,ダ道悪,Lv2 ,488.0,休明初戦,距離延長,11,E,12.2,5.0,13.1,4.0,,,,,C,C,B,B,D
東京,10,自己条件,ダート,1300,重,5,トクシーカイザー,5歳以上,石川裕紀,小島茂之,先行,50.0,60.0,短距離,左回り,ダ道悪,Lv2 ,484.0,休明2走,距離短縮,6,D,12.5,10.0,13.4,5.0,35.2,5.0,36.3,6.0,B,C,B,D,C
東京,10,自己条件,ダート,1300,重,6,ドラゴンウェルズ,3歳,戸崎圭太,藤原英昭,逃げ,0.0,33.33333333333333,短距離,左回り,ダ道悪,Lv2 ,474.0,休明初戦,距離短縮,1,B,11.9,3.0,12.3,1.0,35.0,3.0,36.5,,C,E,D,D,C
東京,10,自己条件,ダート,1300,重,7,マーズオデッセイ,3歳,三浦皇成,田中勝春,先行,66.66666666666666,66.66666666666666,短距離,左回り,ダ道悪,Lv2 ,510.0,休明3走,,2,C,12.5,10.0,14.2,11.0,35.7,,35.5,2.0,D,C,C,C,D
東京,10,自己条件,ダート,1300,重,8,ハードワイヤード,5歳以上,岩田康誠,加藤征弘,先行,42.85714285714285,50.0,短距離,左回り,ダ道悪,Lv2 ,516.0,休明初戦,距離短縮,7,D,11.8,1.0,13.5,6.0,35.6,,36.6,,B,C,C,C,C
東京,10,自己条件,ダート,1300,重,9,アンシール,4歳,石橋脩,小崎憲,追込,75.0,66.66666666666666,短距離,左回り,ダ道悪,Lv2 ,484.0,休明2走,距離短縮,8,D,12.5,10.0,13.0,3.0,35.9,,36.3,6.0,D,D,C,C,C
東京,10,自己条件,ダート,1300,重,10,タマモダイジョッキ,5歳以上,丸山元気,緒方努,差し,0.0,40.0,短距離,左回り,ダ道悪,Lv2 ,488.0,,距離短縮,12,E,12.4,9.0,13.5,6.0,35.3,6.0,35.6,3.0,B,D,D,C,B
東京,10,自己条件,ダート,1300,重,11,エコロアゼル,3歳,団野大成,森秀行,先行,0.0,0.0,短距離,左回り,ダ道悪,Lv2 ,522.0,休明初戦,距離延長,3,C,11.8,1.0,,,34.8,2.0,35.6,3.0,,C,C,C,C
東京,10,自己条件,ダート,1300,重,12,カフェニクス,4歳,菅原明良,柄崎将寿,先行,50.0,50.0,短距離,左回り,ダ道悪,Lv2 ,506.0,休明2走,距離短縮,4,D,12.3,7.0,13.7,8.0,34.3,1.0,36.3,6.0,B,C,C,C,B
東京,11,重賞,芝,2000,良,1,コスモキュランダ,4歳,津村明秀,加藤士津,先行,0.0,50.0,中距離,左回り,,Lv3 ,520.0,休明3走,距離短縮,14,E,12.7,8.0,12.9,3.0,34.7,3.0,34.0,,B,B,B,C,B
東京,11,重賞,芝,2000,良,2,アーバンシック,4歳,プーシャ,武井亮,差し,50.0,66.66666666666666,中距離,左回り,,Lv3 ,514.0,休明初戦,距離短縮,9,D,13.3,14.0,13.7,9.0,36.6,,34.7,,C,C,D,A,D
東京,11,重賞,芝,2000,良,3,ジャスティンパレス,5歳以上,団野大成,杉山晴紀,差し,25.0,57.14285714285714,中距離,左回り,,Lv3 ,470.0,休明初戦,距離短縮,10,D,13.0,12.0,13.7,9.0,34.9,5.0,33.6,,C,B,D,B,B
東京,11,重賞,芝,2000,良,4,ソールオリエンス,5歳以上,丹内祐次,手塚貴久,追込,50.0,40.0,中距離,左回り,,Lv3 ,478.0,休明初戦,距離短縮,13,E,12.8,9.0,14.0,12.0,36.6,,32.9,2.0,C,D,B,D,D
東京,11,重賞,芝,2000,良,5,タスティエーラ,5歳以上,レーン,堀宣行,先行,75.0,75.0,中距離,左回り,,Lv3 ,508.0,休明初戦,,3,C,12.5,4.0,,,35.4,,33.5,5.0,,,D,D,B
東京,11,重賞,芝,2000,良,6,ブレイディヴェーグ,5歳以上,戸崎圭太,宮田敬介,差し,60.0,50.0,中距離,左回り,,Lv3 ,474.0,休明2走,,6,D,12.9,11.0,13.1,5.0,35.6,,33.5,5.0,B,B,,B,A
東京,11,重賞,芝,2000,良,7,マスカレードボール,3歳,ルメール,手塚貴久,先行,100.0,50.0,中距離,左回り,,Lv3 ,470.0,休明初戦,距離短縮,1,B,13.1,13.0,13.3,8.0,35.4,,33.3,4.0,D,B,B,B,D
東京,11,重賞,芝,2000,良,8,ホウオウビスケッツ,5歳以上,岩田康誠,奥村武,先行,83.33333333333334,44.44444444444444,中距離,左回り,,Lv3 ,504.0,休明3走,距離延長,7,D,12.3,2.0,12.7,2.0,34.3,2.0,34.0,,D,A,D,C,C
東京,11,重賞,芝,2000,良,9,ミュージアムマイル,3歳,Ｃ．デム,高柳大輔,先行,0.0,66.66666666666666,中距離,左回り,,Lv3 ,500.0,休明2走,距離短縮,2,B,12.6,6.0,13.1,5.0,35.1,6.0,33.5,5.0,C,B,D,D,D
東京,11,重賞,芝,2000,良,10,エコロヴァルツ,4歳,三浦皇成,牧浦充徳,先行,0.0,0.0,中距離,左回り,,Lv3 ,494.0,休明初戦,距離延長,12,D,12.5,4.0,13.1,5.0,35.3,,33.1,3.0,D,D,B,D,D
東京,11,重賞,芝,2000,良,11,シランケド,5歳以上,横山武史,牧浦充徳,追込,100.0,100.0,中距離,左回り,,Lv3 ,516.0,休明2走,,5,C,12.6,6.0,13.7,9.0,35.9,,32.8,1.0,D,C,D,B,D
東京,11,重賞,芝,2000,良,12,セイウンハーデス,5歳以上,菅原明良,橋口慎介,先行,66.66666666666666,80.0,中距離,左回り,,Lv3 ,472.0,休明初戦,距離延長,11,D,12.3,2.0,12.9,3.0,34.7,3.0,34.5,,E,B,B,B,D
東京,11,重賞,芝,2000,良,13,メイショウタバル,4歳,武豊,石橋守,逃げ,,33.33333333333333,中距離,左回り,,Lv3 ,508.0,休明初戦,距離短縮,4,C,12.2,1.0,12.4,1.0,33.8,1.0,35.3,,C,,C,A,C
東京,11,重賞,芝,2000,良,14,クイーンズウォーク,4歳,川田将雅,中内田充,先行,66.66666666666666,50.0,中距離,左回り,,Lv3 ,542.0,休明2走,,8,D,12.8,9.0,,,35.2,7.0,33.7,,B,C,C,A,C
東京,12,自己条件,ダート,1600,重,1,サイモンソーラン,5歳以上,原優介,勢司和浩,差し,0.0,0.0,短距離,左回り,ダ道悪,Lv2 ,490.0,休明2走,,11,E,12.5,7.0,13.5,9.0,36.1,4.0,35.8,1.0,B,C,D,D,C
東京,12,自己条件,ダート,1600,重,2,コスモマルーン,5歳以上,吉田豊,土田稔,追込,,,短距離,左回り,ダ道悪,Lv2 ,468.0,,距離短縮,12,E,13.0,13.0,13.9,12.0,37.1,,37.5,,B,D,,,
東京,12,自己条件,ダート,1600,重,3,ワンダーカモン,4歳,松岡正海,吉村圭司,差し,,,短距離,左回り,ダ道悪,Lv2 ,478.0,,距離短縮,9,D,12.4,5.0,13.6,11.0,37.3,,37.0,,E,C,C,D,C
東京,12,自己条件,ダート,1600,重,4,アリエスキング,4歳,戸崎圭太,庄野靖志,先行,0.0,0.0,短距離,左回り,ダ道悪,Lv2 ,462.0,休明2走,距離短縮,3,C,12.6,10.0,12.6,1.0,35.4,2.0,36.9,,C,C,D,D,C
東京,12,自己条件,ダート,1600,重,5,ダンツファイター,3歳,三浦皇成,蛯名正義,先行,50.0,50.0,短距離,左回り,ダ道悪,Lv2 ,556.0,休明初戦,距離短縮,4,C,12.6,10.0,13.4,8.0,36.6,,36.1,3.0,C,D,C,C,C
東京,12,自己条件,ダート,1600,重,6,トリリオンボーイ,3歳,吉田隼人,武井亮,追込,62.5,,短距離,左回り,ダ道悪,Lv2 ,482.0,休明3走,距離延長,5,D,12.0,1.0,13.9,12.0,36.5,6.0,36.2,4.0,C,C,C,C,C
東京,12,自己条件,ダート,1600,重,7,クリノクリスタル,5歳以上,岩田康誠,大橋勇樹,差し,,,短距離,左回り,ダ道悪,Lv2 ,470.0,,距離延長,10,E,12.4,5.0,12.9,3.0,36.4,5.0,37.2,,C,D,C,C,B
東京,12,自己条件,ダート,1600,重,8,オコタンペ,4歳,横山和生,須貝尚介,差し,,,短距離,左回り,ダ道悪,Lv2 ,496.0,,距離延長,6,D,12.0,1.0,13.5,9.0,37.4,,36.6,5.0,A,B,C,B,C
東京,12,自己条件,ダート,1600,重,9,ショウナンカブト,5歳以上,大野拓弥,戸田博文,差し,66.66666666666666,66.66666666666666,短距離,左回り,ダ道悪,Lv2 ,536.0,休明3走,,7,D,12.3,4.0,13.0,4.0,35.7,3.0,35.9,2.0,D,C,B,D,C
東京,12,自己条件,ダート,1600,重,10,コスモオピニオン,5歳以上,丹内祐次,黒岩陽一,差し,,,短距離,左回り,ダ道悪,Lv2 ,512.0,,距離短縮,8,D,12.5,7.0,12.8,2.0,36.9,,37.7,,C,C,D,C,C
東京,12,自己条件,ダート,1600,重,11,マーシヴィガラス,5歳以上,菊沢一樹,的場均,追込,0.0,0.0,短距離,左回り,ダ道悪,Lv2 ,512.0,,距離短縮,13,E,12.1,3.0,13.1,6.0,36.8,,37.7,,C,C,C,B,C
東京,12,自己条件,ダート,1600,重,12,テーオーライマン,3歳,Ｃ．デム,宮徹,差し,100.0,,短距離,左回り,ダ道悪,Lv2 ,462.0,,距離短縮,2,B,12.9,12.0,13.0,4.0,37.4,,36.8,6.0,C,C,C,D,D
東京,12,自己条件,ダート,1600,重,13,ロッシニアーナ,3歳,ルメール,木村哲也,先行,100.0,100.0,短距離,左回り,ダ道悪,Lv2 ,522.0,休明2走,距離短縮,1,A,12.5,7.0,13.1,6.0,35.0,1.0,37.1,,C,C,C,C,C
京都,1,未勝利,ダート,1800,稍重,1,メイショウテスコ,2歳,酒井学,秋山真一,差し,,0.0,中距離,右回り,ダ道悪,Lv2 ,508.0,,,6,D,13.7,14.0,13.7,13.0,39.4,,39.5,7.0,C,,,,
京都,1,未勝利,ダート,1800,稍重,2,ユイノディスタンス,2歳,長岡禎仁,深山雅史,追込,,0.0,中距離,右回り,ダ道悪,Lv2 ,462.0,連闘,,15,E,13.2,7.0,13.2,6.0,38.5,,39.8,,C,D,,,
京都,1,未勝利,ダート,1800,稍重,3,パークヒルシューズ,2歳,斎藤新,高橋一哉,追込,,,中距離,右回り,ダ道悪,Lv2 ,452.0,休明2走,距離延長,11,E,13.2,7.0,13.3,10.0,,,,,D,D,A,,
京都,1,未勝利,ダート,1800,稍重,4,テイエムゴッホ,2歳,和田竜二,浜田多実,逃げ,0.0,0.0,中距離,右回り,ダ道悪,Lv2 ,516.0,,,2,B,12.5,1.0,12.5,1.0,37.5,5.0,39.3,6.0,C,,,,
京都,1,未勝利,ダート,1800,稍重,5,テーオーレックス,2歳,菱田裕二,岡田稲男,先行,,,中距離,右回り,ダ道悪,Lv2 ,462.0,,,7,D,13.0,4.0,13.0,4.0,,,,,C,B,C,,
京都,1,未勝利,ダート,1800,稍重,6,スギノダイナミック,2歳,横山琉人,高橋義忠,追込,0.0,0.0,中距離,右回り,ダ道悪,Lv2 ,516.0,,,14,E,13.2,7.0,13.2,6.0,37.9,,41.2,,C,,,,
京都,1,未勝利,ダート,1800,稍重,7,ナウオアネヴァー,2歳,小崎綾也,寺島良,追込,,0.0,中距離,右回り,ダ道悪,Lv2 ,500.0,,,8,D,13.2,7.0,13.2,6.0,37.3,4.0,39.6,,C,D,C,,
京都,1,未勝利,ダート,1800,稍重,8,リヴァデラルナ,2歳,西村淳也,西村真幸,先行,,,中距離,右回り,ダ道悪,Lv2 ,524.0,,,4,D,13.3,12.0,13.3,10.0,,,,,B,,,,
京都,1,未勝利,ダート,1800,稍重,9,ロードステラート,2歳,富田暁,武英智,先行,0.0,50.0,中距離,右回り,ダ道悪,Lv2 ,504.0,,,3,C,12.9,3.0,12.9,3.0,38.3,,37.3,1.0,C,C,,,
京都,1,未勝利,ダート,1800,稍重,10,スラッシュ,2歳,田口貫太,安達昭夫,追込,0.0,,中距離,右回り,ダ道悪,Lv2 ,464.0,,距離延長,13,E,13.3,12.0,13.3,10.0,36.8,3.0,39.2,5.0,C,,,,
京都,1,未勝利,ダート,1800,稍重,11,ポッドジーク,2歳,吉村誠之,西園正都,追込,,,中距離,右回り,ダ道悪,Lv2 ,512.0,,,9,D,14.3,15.0,14.3,15.0,,,,,B,,,,
京都,1,未勝利,ダート,1800,稍重,12,コンテナヒーロー,2歳,鮫島克駿,茶木太樹,差し,0.0,0.0,中距離,右回り,ダ道悪,Lv2 ,488.0,,,5,D,13.1,6.0,13.1,5.0,37.8,7.0,38.8,4.0,C,,,,
京都,1,未勝利,ダート,1800,稍重,13,キングスペード,2歳,森田誠也,武英智,追込,0.0,,中距離,右回り,ダ道悪,Lv2 ,476.0,,距離延長,12,E,13.2,7.0,13.2,6.0,37.6,6.0,37.8,2.0,C,,,,
京都,1,未勝利,ダート,1800,稍重,14,カセノコンコルド,2歳,和田陽希,中尾秀正,追込,0.0,0.0,中距離,右回り,ダ道悪,Lv2 ,452.0,休明3走,,10,E,12.5,1.0,12.5,1.0,36.5,2.0,38.0,3.0,C,C,B,,
京都,1,未勝利,ダート,1800,稍重,15,ロードアマルフィ,2歳,岩田望来,中村直也,逃げ,,0.0,中距離,右回り,ダ道悪,Lv2 ,514.0,休明初戦,距離延長,1,B,13.0,4.0,13.7,13.0,35.4,1.0,39.6,,C,D,,,
京都,2,未勝利,芝,2000,良,1,インフィオラータ,2歳,浜中俊,須貝尚介,追込,100.0,100.0,中距離,右回り,,Lv1 ,444.0,,,3,B,13.8,7.0,13.8,7.0,37.9,,35.1,,B,,,,
京都,2,未勝利,芝,2000,良,2,ロゼア,2歳,西村淳也,高野友和,差し,,,中距離,右回り,,Lv1 ,374.0,,距離延長,6,D,12.8,2.0,12.8,1.0,35.5,1.0,36.5,,C,,,,
京都,2,未勝利,芝,2000,良,3,ワンダフルボンド,2歳,岩田望来,友道康夫,先行,0.0,0.0,中距離,右回り,,Lv1 ,480.0,,,1,A,13.2,5.0,13.2,3.0,37.0,,33.9,1.0,C,,,,
京都,2,未勝利,芝,2000,良,4,ロングホリデー,2歳,鮫島克駿,茶木太樹,先行,100.0,100.0,中距離,右回り,,Lv1 ,460.0,,,2,B,12.9,3.0,12.9,2.0,36.9,,35.0,3.0,C,,,,
京都,2,未勝利,芝,2000,良,5,オドワローズ,2歳,小沢大仁,渡辺薫彦,差し,0.0,,中距離,右回り,,Lv1 ,444.0,,距離延長,7,D,12.9,3.0,13.5,4.0,36.6,3.0,34.8,2.0,B,B,,,
京都,2,未勝利,芝,2000,良,6,ダイシンヨーク,2歳,和田竜二,吉田直弘,先行,,,中距離,右回り,,Lv1 ,480.0,休明初戦,距離延長,5,D,12.4,1.0,13.5,4.0,35.7,2.0,36.4,,D,C,C,,
京都,2,未勝利,芝,2000,良,7,タガノアルトゥーラ,2歳,吉村誠之,長谷川浩,追込,0.0,0.0,中距離,右回り,,Lv1 ,484.0,,,4,D,13.5,6.0,13.5,4.0,37.3,,35.4,,B,,,,
京都,3,新馬,ダート,1400,稍重,1,エールドリー,2歳,荻野琢真,平田修,,,,短距離,右回り,ダ道悪,Lv2 ,418.0,,,15,E,,,,,,,,,,,,,
京都,3,新馬,ダート,1400,稍重,2,アームズレジェンド,2歳,岩田望来,上村洋行,,,,短距離,右回り,ダ道悪,Lv2 ,496.0,,,1,A,,,,,,,,,,,,,
京都,3,新馬,ダート,1400,稍重,3,クレスコフェーヴ,2歳,中井裕二,羽月友彦,,,,短距離,右回り,ダ道悪,Lv2 ,406.0,,,16,E,,,,,,,,,,,,,
京都,3,新馬,ダート,1400,稍重,4,スマートグロワール,2歳,大久保友,畑端省吾,,,,短距離,右回り,ダ道悪,Lv2 ,530.0,,,4,C,,,,,,,,,,,,,
京都,3,新馬,ダート,1400,稍重,5,ショーンバローズ,2歳,田口貫太,松下武士,,,,短距離,右回り,ダ道悪,Lv2 ,468.0,,,9,D,,,,,,,,,,,,,
京都,3,新馬,ダート,1400,稍重,6,メロウアンバー,2歳,吉村誠之,坂口智康,,,,短距離,右回り,ダ道悪,Lv2 ,424.0,,,10,D,,,,,,,,,,,,,
京都,3,新馬,ダート,1400,稍重,7,フロムザムーン,2歳,国分恭介,畑端省吾,,,,短距離,右回り,ダ道悪,Lv2 ,472.0,,,12,E,,,,,,,,,,,,,
京都,3,新馬,ダート,1400,稍重,8,アスタウイン,2歳,国分優作,小椋研介,,,,短距離,右回り,ダ道悪,Lv2 ,460.0,,,11,E,,,,,,,,,,,,,
京都,3,新馬,ダート,1400,稍重,9,タイムレスラブ,2歳,藤懸貴志,羽月友彦,,,,短距離,右回り,ダ道悪,Lv2 ,442.0,,,6,D,,,,,,,,,,,,,
京都,3,新馬,ダート,1400,稍重,10,ルビーブロンド,2歳,柴田裕一,笹田和秀,,,,短距離,右回り,ダ道悪,Lv2 ,448.0,,,13,E,,,,,,,,,,,,,
京都,3,新馬,ダート,1400,稍重,11,メイケイシャイン,2歳,富田暁,武英智,,,,短距離,右回り,ダ道悪,Lv2 ,470.0,,,8,D,,,,,,,,,,,,,
京都,3,新馬,ダート,1400,稍重,12,サーバルマインド,2歳,松本大輝,森田直行,,,,短距離,右回り,ダ道悪,Lv2 ,496.0,,,14,E,,,,,,,,,,,,,
京都,3,新馬,ダート,1400,稍重,13,スーパービジー,2歳,小沢大仁,庄野靖志,,,,短距離,右回り,ダ道悪,Lv2 ,464.0,,,5,D,,,,,,,,,,,,,
京都,3,新馬,ダート,1400,稍重,14,メイショウカクウチ,2歳,菱田裕二,飯田祐史,,,,短距離,右回り,ダ道悪,Lv2 ,478.0,,,3,C,,,,,,,,,,,,,
京都,3,新馬,ダート,1400,稍重,15,ルージュシャラポワ,2歳,浜中俊,小林真也,,,,短距離,右回り,ダ道悪,Lv2 ,436.0,,,2,C,,,,,,,,,,,,,
京都,3,新馬,ダート,1400,稍重,16,イーグルチョイス,2歳,荻野極,千田輝彦,,,,短距離,右回り,ダ道悪,Lv2 ,516.0,,,7,D,,,,,,,,,,,,,
京都,4,未勝利,障害,2910,良,1,オステリア,5歳以上,高田潤,宮本博,追込,50.0,,長距離,右回り,,,524.0,休明3走,,2,C,12.5,7.0,,,,,,,C,C,C,C,C
京都,4,未勝利,障害,2910,良,2,シーク,3歳,小牧加矢,角田晃一,先行,0.0,,長距離,右回り,,,524.0,休明2走,,8,D,12.3,3.0,,,,,,,C,C,C,B,C
京都,4,未勝利,障害,2910,良,3,アナゴサン,5歳以上,黒岩悠,牧田和弥,先行,,,長距離,右回り,,,472.0,休明初戦,距離延長,7,D,12.2,2.0,12.3,1.0,,,,,B,B,B,C,D
京都,4,未勝利,障害,2910,良,4,ウェイトゥザドーン,4歳,草野太郎,戸田博文,先行,,,長距離,右回り,,,462.0,休明初戦,距離延長,3,C,12.9,10.0,,,,,,,C,C,C,C,C
京都,4,未勝利,障害,2910,良,5,リードアクトレス,4歳,小野寺祐,安達昭夫,追込,0.0,,長距離,右回り,,,494.0,,距離短縮,4,C,12.3,3.0,,,,,,,C,C,B,C,C
京都,4,未勝利,障害,2910,良,6,ウインシュクラン,5歳以上,石神深一,和田正一,先行,,,長距離,右回り,,,462.0,休明初戦,距離延長,5,C,12.3,3.0,12.5,2.0,,,,,B,B,D,B,D
京都,4,未勝利,障害,2910,良,7,フォワードアゲン,5歳以上,上野翔,加藤和宏,追込,,,長距離,右回り,,,438.0,休明初戦,距離延長,6,D,12.5,7.0,14.0,4.0,,,,,C,B,C,C,C
京都,4,未勝利,障害,2910,良,8,ボエーム,4歳,坂口智康,石栗龍彦,差し,,,長距離,右回り,,,448.0,,距離短縮,9,E,12.4,6.0,,,34.9,1.0,38.0,1.0,C,C,C,B,C
京都,4,未勝利,障害,2910,良,9,ゲインサポート,4歳,森一馬,斉藤崇史,先行,50.0,,長距離,右回り,,,456.0,休明2走,,1,A,12.8,9.0,,,,,,,C,C,C,C,C
京都,4,未勝利,障害,2910,良,10,クリアクォーツ,3歳,大江原圭,的場均,追込,,,長距離,右回り,,,468.0,,距離延長,10,E,12.1,1.0,12.6,3.0,,,,,B,C,D,D,B
京都,5,新馬,芝,1600,良,1,エレーデサンライズ,2歳,藤懸貴志,平田修,,,,短距離,右回り,,Lv3 ,450.0,,,5,D,,,,,,,,,,,,,
京都,5,新馬,芝,1600,良,2,メイショウショカツ,2歳,小沢大仁,石橋守,,,,短距離,右回り,,Lv3 ,444.0,,,9,D,,,,,,,,,,,,,
京都,5,新馬,芝,1600,良,3,アジーザム,2歳,高杉吏麒,吉村圭司,,,,短距離,右回り,,Lv3 ,392.0,,,8,D,,,,,,,,,,,,,
京都,5,新馬,芝,1600,良,4,メリオルヴィア,2歳,吉村誠之,辻野泰之,,,,短距離,右回り,,Lv3 ,450.0,,,7,D,,,,,,,,,,,,,
京都,5,新馬,芝,1600,良,5,カモンレイル,2歳,鮫島克駿,中竹和也,,,,短距離,右回り,,Lv3 ,446.0,,,11,E,,,,,,,,,,,,,
京都,5,新馬,芝,1600,良,6,ジューンアゲイン,2歳,富田暁,長谷川浩,,,,短距離,右回り,,Lv3 ,440.0,,,6,D,,,,,,,,,,,,,
京都,5,新馬,芝,1600,良,7,ヤマニンフェイエル,2歳,菱田裕二,中村直也,,,,短距離,右回り,,Lv3 ,460.0,,,4,C,,,,,,,,,,,,,
京都,5,新馬,芝,1600,良,8,アクアアイ,2歳,岩田望来,四位洋文,,,,短距離,右回り,,Lv3 ,454.0,,,2,C,,,,,,,,,,,,,
京都,5,新馬,芝,1600,良,9,ダブルインカム,2歳,秋山稔樹,高橋義忠,,,,短距離,右回り,,Lv3 ,448.0,,,13,E,,,,,,,,,,,,,
京都,5,新馬,芝,1600,良,10,ジーティーウタマロ,2歳,田口貫太,鈴木孝志,,,,短距離,右回り,,Lv3 ,462.0,,,12,E,,,,,,,,,,,,,
京都,5,新馬,芝,1600,良,11,エロイーズ,2歳,西塚洸二,吉田直弘,,,,短距離,右回り,,Lv3 ,444.0,,,14,E,,,,,,,,,,,,,
京都,5,新馬,芝,1600,良,12,ヒシアイラ,2歳,荻野極,池江泰寿,,,,短距離,右回り,,Lv3 ,454.0,,,1,A,,,,,,,,,,,,,
京都,5,新馬,芝,1600,良,13,ヨドノクラウン,2歳,高倉稜,渡辺薫彦,,,,短距離,右回り,,Lv3 ,450.0,,,15,E,,,,,,,,,,,,,
京都,5,新馬,芝,1600,良,14,タガノエルー,2歳,古川吉洋,宮徹,,,,短距離,右回り,,Lv3 ,458.0,,,10,D,,,,,,,,,,,,,
京都,5,新馬,芝,1600,良,15,ダンツアラーム,2歳,和田竜二,本田優,,,,短距離,右回り,,Lv3 ,440.0,,,3,C,,,,,,,,,,,,,
京都,6,自己条件,ダート,1800,稍重,1,シドニーホバート,3歳,吉村誠之,杉山佳明,差し,0.0,50.0,中距離,右回り,ダ道悪,Lv3 ,524.0,休明2走,距離短縮,6,D,12.4,4.0,13.4,11.0,38.1,,39.5,,D,B,C,C,C
京都,6,自己条件,ダート,1800,稍重,2,ピスタ,3歳,西塚洸二,藤原英昭,先行,,0.0,中距離,右回り,ダ道悪,Lv3 ,536.0,休明2走,距離短縮,12,E,13.2,15.0,14.7,14.0,36.8,5.0,39.3,,C,C,C,,
京都,6,自己条件,ダート,1800,稍重,3,ブロードグリン,4歳,西村淳也,中村直也,先行,0.0,,中距離,右回り,ダ道悪,Lv3 ,446.0,休明2走,距離延長,11,E,12.2,1.0,12.9,4.0,35.9,2.0,38.4,7.0,B,B,B,B,D
京都,6,自己条件,ダート,1800,稍重,4,メイショウハリソン,3歳,小沢大仁,石橋守,差し,,0.0,中距離,右回り,ダ道悪,Lv3 ,,休明2走,,10,D,12.8,10.0,13.0,5.0,36.8,5.0,39.8,,B,C,C,D,D
京都,6,自己条件,ダート,1800,稍重,5,タケルハーロック,3歳,鮫島克駿,高柳大輔,先行,100.0,83.33333333333334,中距離,右回り,ダ道悪,Lv3 ,494.0,休明初戦,距離延長,3,B,12.4,4.0,13.0,5.0,35.4,1.0,39.0,,C,C,C,C,C
京都,6,自己条件,ダート,1800,稍重,6,バルミラクル,3歳,鮫島良太,河嶋宏樹,先行,0.0,33.33333333333333,中距離,右回り,ダ道悪,Lv3 ,450.0,,,13,E,12.2,1.0,12.8,2.0,36.6,4.0,38.4,7.0,C,D,C,D,D
京都,6,自己条件,ダート,1800,稍重,7,オレノアイバ,5歳以上,永島まな,高橋康之,追込,,0.0,中距離,右回り,ダ道悪,Lv3 ,480.0,,距離延長,14,E,13.0,13.0,13.0,5.0,,,,,C,C,C,,
京都,6,自己条件,ダート,1800,稍重,8,ゴールドダイアー,3歳,和田竜二,平田修,先行,50.0,42.85714285714285,中距離,右回り,ダ道悪,Lv3 ,490.0,休明3走,,1,B,12.7,9.0,13.0,5.0,37.9,,36.6,1.0,C,C,B,C,C
京都,6,自己条件,ダート,1800,稍重,9,ドゥラエテルノ,3歳,浜中俊,武幸四郎,差し,0.0,50.0,中距離,右回り,ダ道悪,Lv3 ,468.0,,,4,C,12.6,8.0,12.8,2.0,37.3,,37.0,2.0,C,B,B,D,C
京都,6,自己条件,ダート,1800,稍重,10,ソルナシエンテ,3歳,高杉吏麒,藤岡健一,先行,,33.33333333333333,中距離,右回り,ダ道悪,Lv3 ,508.0,休明初戦,,7,D,13.0,13.0,13.3,9.0,37.3,,37.3,3.0,C,C,C,,
京都,6,自己条件,ダート,1800,稍重,11,ヤングアメリカンズ,3歳,城戸義政,奥村豊,追込,0.0,33.33333333333333,中距離,右回り,ダ道悪,Lv3 ,500.0,休明3走,距離短縮,15,E,12.5,6.0,14.9,15.0,36.8,5.0,38.0,4.0,C,C,B,C,C
京都,6,自己条件,ダート,1800,稍重,12,エンマ,3歳,高倉稜,武英智,差し,100.0,50.0,中距離,右回り,ダ道悪,Lv3 ,470.0,休明2走,距離短縮,9,D,12.9,12.0,13.6,12.0,38.6,,38.9,,C,C,C,C,C
京都,6,自己条件,ダート,1800,稍重,13,テーオーシュタイン,3歳,松若風馬,梅田智之,先行,0.0,40.0,中距離,右回り,ダ道悪,Lv3 ,468.0,休明2走,,8,D,12.5,6.0,13.3,9.0,37.3,,38.1,5.0,C,C,B,C,D
京都,6,自己条件,ダート,1800,稍重,14,サルタール,3歳,小崎綾也,小崎憲,逃げ,60.0,33.33333333333333,中距離,右回り,ダ道悪,Lv3 ,520.0,,,5,C,12.3,3.0,12.3,1.0,36.5,3.0,38.2,6.0,C,B,,C,D
京都,6,自己条件,ダート,1800,稍重,15,サトノクローザー,3歳,岩田望来,友道康夫,先行,,,中距離,右回り,ダ道悪,Lv3 ,536.0,休明初戦,距離短縮,2,B,12.8,10.0,13.6,12.0,,,,,C,C,C,D,
京都,7,自己条件,芝,2200,良,1,エリカアンディーヴ,3歳,田口貫太,吉岡辰弥,追込,50.0,,中距離,右回り,,Lv5 ,492.0,休明2走,距離延長,5,C,13.3,13.0,13.8,15.0,36.1,,33.9,8.0,B,C,D,D,
京都,7,自己条件,芝,2200,良,2,レーヌマロン,3歳,長岡禎仁,小栗実,差し,50.0,100.0,中距離,右回り,,Lv5 ,450.0,休明3走,距離延長,13,E,12.9,9.0,12.9,3.0,35.9,,34.1,,D,D,C,C,C
京都,7,自己条件,芝,2200,良,3,バルデラマ,3歳,浜中俊,辻野泰之,先行,50.0,,中距離,右回り,,Lv5 ,462.0,休明初戦,距離延長,11,D,12.8,7.0,13.7,13.0,37.9,,35.4,,D,D,C,C,B
京都,7,自己条件,芝,2200,良,4,スカイサーベイ,4歳,北村友一,池添学,先行,60.0,50.0,中距離,右回り,,Lv5 ,482.0,休明初戦,,6,C,12.6,3.0,13.2,5.0,35.4,3.0,34.2,,C,A,C,B,C
京都,7,自己条件,芝,2200,良,5,アンビアンス,3歳,酒井学,清水久詞,差し,0.0,0.0,中距離,右回り,,Lv5 ,456.0,,距離延長,7,D,13.3,13.0,13.3,7.0,35.7,7.0,33.3,3.0,D,C,C,C,C
京都,7,自己条件,芝,2200,良,6,アスクアットバット,3歳,河原田菜,藤原英昭,追込,0.0,,中距離,右回り,,Lv5 ,484.0,,距離延長,15,E,12.4,2.0,12.6,1.0,35.1,2.0,35.2,,B,D,C,C,C
京都,7,自己条件,芝,2200,良,7,セイキュート,3歳,岩田望来,四位洋文,先行,50.0,100.0,中距離,右回り,,Lv5 ,476.0,休明2走,距離延長,3,C,12.7,4.0,12.7,2.0,35.7,7.0,33.6,5.0,C,C,C,B,C
京都,7,自己条件,芝,2200,良,8,オメガナビゲーター,4歳,鮫島克駿,安田翔伍,差し,,66.66666666666666,中距離,右回り,,Lv5 ,496.0,休明初戦,,4,C,12.9,9.0,13.4,9.0,34.5,1.0,34.2,,C,B,D,C,C
京都,7,自己条件,芝,2200,良,9,サンライズバブル,3歳,菱田裕二,新谷功一,追込,100.0,100.0,中距離,右回り,,Lv5 ,518.0,休明2走,距離短縮,1,B,13.3,13.0,13.7,13.0,36.1,,32.4,1.0,C,C,C,,
京都,7,自己条件,芝,2200,良,10,テレプシコーラ,3歳,西村淳也,坂口智康,追込,16.666666666666664,100.0,中距離,右回り,,Lv5 ,414.0,休明初戦,,9,D,13.1,12.0,13.5,12.0,35.4,3.0,33.6,5.0,D,C,C,C,C
京都,7,自己条件,芝,2200,良,11,アットアブラスト,5歳以上,西塚洸二,小椋研介,追込,14.285714285714285,25.0,中距離,右回り,,Lv5 ,458.0,休明2走,距離短縮,10,D,12.7,4.0,13.4,9.0,35.5,6.0,33.7,7.0,D,C,B,D,C
京都,7,自己条件,芝,2200,良,12,コスモアミマネラ,4歳,杉原誠人,柄崎将寿,差し,,0.0,中距離,右回り,,Lv5 ,492.0,休明初戦,距離延長,14,E,12.7,4.0,12.9,3.0,36.3,,33.2,2.0,C,D,D,E,D
京都,7,自己条件,芝,2200,良,13,パフュームセント,4歳,吉村誠之,斉藤崇史,先行,100.0,100.0,中距離,右回り,,Lv5 ,454.0,休明初戦,,2,B,12.8,7.0,13.2,5.0,35.8,,33.4,4.0,D,B,C,C,C
京都,7,自己条件,芝,2200,良,14,ピエナオルフェ,4歳,城戸義政,荒川義之,追込,11.11111111111111,20.0,中距離,右回り,,Lv5 ,460.0,休明3走,距離延長,16,E,12.9,9.0,13.8,15.0,36.5,,34.2,,C,E,C,B,C
京都,7,自己条件,芝,2200,良,15,ニホンピロゴルディ,4歳,国分優作,安達昭夫,追込,0.0,,中距離,右回り,,Lv5 ,468.0,休明2走,距離延長,12,E,13.3,13.0,13.4,9.0,36.8,,34.5,,B,C,C,C,C
京都,7,自己条件,芝,2200,良,16,リガーレ,3歳,高杉吏麒,池江泰寿,先行,66.66666666666666,,中距離,右回り,,Lv5 ,522.0,休明初戦,距離短縮,8,D,12.3,1.0,13.3,7.0,35.4,3.0,35.2,,C,B,D,C,D
京都,8,自己条件,ダート,1200,稍重,1,クリノオリーブ,4歳,永島まな,谷潔,先行,42.85714285714285,50.0,短距離,右回り,ダ道悪,Lv4 ,470.0,休明初戦,,8,D,11.8,3.0,12.5,5.0,34.9,4.0,36.8,,C,C,C,D,B
京都,8,自己条件,ダート,1200,稍重,2,ズバットマサムネ,4歳,荻野琢真,杉山佳明,先行,25.0,14.285714285714285,短距離,右回り,ダ道悪,Lv4 ,492.0,,,9,D,12.0,7.0,12.5,5.0,34.9,4.0,36.7,,C,D,B,C,B
京都,8,自己条件,ダート,1200,稍重,3,ロードトレゾール,4歳,和田竜二,清水久詞,逃げ,,0.0,短距離,右回り,ダ道悪,Lv4 ,538.0,休明3走,,10,E,11.7,1.0,13.4,13.0,36.5,,37.5,,B,B,C,C,C
京都,8,自己条件,ダート,1200,稍重,4,パールフロント,3歳,川又賢治,寺島良,差し,33.33333333333333,75.0,短距離,右回り,ダ道悪,Lv4 ,534.0,,,7,D,12.3,15.0,12.6,7.0,35.1,,35.8,3.0,C,B,C,C,C
京都,8,自己条件,ダート,1200,稍重,5,ユウトザレン,3歳,岩田望来,千田輝彦,先行,100.0,,短距離,右回り,ダ道悪,Lv4 ,486.0,休明2走,距離短縮,1,B,11.9,5.0,13.8,16.0,35.1,,36.7,,D,C,C,C,C
京都,8,自己条件,ダート,1200,稍重,6,ゲッティヴィラ,3歳,吉村誠之,小栗実,差し,100.0,66.66666666666666,短距離,右回り,ダ道悪,Lv4 ,452.0,休明3走,,3,C,12.2,13.0,13.0,10.0,35.6,,36.5,6.0,D,C,C,D,B
京都,8,自己条件,ダート,1200,稍重,7,グラスブランシュ,4歳,小沢大仁,松山将樹,追込,,44.44444444444444,短距離,右回り,ダ道悪,Lv4 ,460.0,休明2走,,11,E,12.3,15.0,13.4,13.0,37.5,,35.5,1.0,C,D,A,C,C
京都,8,自己条件,ダート,1200,稍重,8,タミゼ,4歳,和田陽希,平田修,先行,42.85714285714285,36.36363636363637,短距離,右回り,ダ道悪,Lv4 ,472.0,休明初戦,距離延長,15,E,12.0,7.0,12.7,9.0,34.9,4.0,36.6,8.0,D,C,C,C,B
京都,8,自己条件,ダート,1200,稍重,9,クーデール,3歳,鷲頭虎太,坂口智康,先行,0.0,50.0,短距離,右回り,ダ道悪,Lv4 ,452.0,休明初戦,距離延長,12,E,12.1,11.0,12.6,7.0,35.3,,35.6,2.0,C,E,D,B,D
京都,8,自己条件,ダート,1200,稍重,10,シンエン,5歳以上,田口貫太,松下武士,差し,0.0,0.0,短距離,右回り,ダ道悪,Lv4 ,504.0,休明初戦,,13,E,12.2,13.0,13.3,12.0,35.0,7.0,37.6,,C,B,C,C,B
京都,8,自己条件,ダート,1200,稍重,11,エンプレスペイ,5歳以上,国分優作,小栗実,逃げ,0.0,0.0,短距離,右回り,ダ道悪,Lv4 ,470.0,休明2走,,16,E,11.9,5.0,13.0,10.0,36.1,,35.9,4.0,C,D,C,B,C
京都,8,自己条件,ダート,1200,稍重,12,オースミメッシーナ,5歳以上,松若風馬,宮本博,先行,0.0,23.809523809523807,短距離,右回り,ダ道悪,Lv4 ,466.0,休明初戦,,14,E,11.8,3.0,13.5,15.0,36.0,,36.6,8.0,C,C,D,C,C
京都,8,自己条件,ダート,1200,稍重,13,ニホンピロトッティ,4歳,菱田裕二,緒方努,先行,50.0,87.5,短距離,右回り,ダ道悪,Lv4 ,416.0,休明初戦,,4,C,12.0,7.0,12.4,4.0,34.8,3.0,36.3,5.0,D,C,C,D,C
京都,8,自己条件,ダート,1200,稍重,14,アスタールフナ,3歳,柴田裕一,中竹和也,逃げ,100.0,85.71428571428571,短距離,右回り,ダ道悪,Lv4 ,450.0,,,2,B,11.7,1.0,12.2,1.0,34.5,2.0,36.5,6.0,C,D,C,C,B
京都,8,自己条件,ダート,1200,稍重,15,セントールビースト,3歳,田山旺佑,羽月友彦,先行,80.0,57.14285714285714,短距離,右回り,ダ道悪,Lv4 ,430.0,休明2走,,5,D,12.1,11.0,12.2,1.0,34.4,1.0,36.7,,C,C,E,C,B
京都,8,自己条件,ダート,1200,稍重,16,ストリンジェンド,5歳以上,亀田温心,加藤公太,先行,20.0,48.0,短距離,右回り,ダ道悪,Lv4 ,480.0,,,6,D,12.0,7.0,12.3,3.0,35.0,7.0,36.9,,D,D,D,B,D
京都,9,自己条件,ダート,1800,稍重,1,チャチャコマニ,2歳,亀田温心,佐藤悠太,先行,,100.0,中距離,右回り,ダ道悪,Lv3 ,498.0,休明初戦,,12,E,13.0,8.0,13.0,5.0,37.9,,38.3,,C,,,,
京都,9,自己条件,ダート,1800,稍重,2,マーゴットサンズ,2歳,荻野極,伊坂重信,先行,,100.0,中距離,右回り,ダ道悪,Lv3 ,466.0,休明初戦,距離延長,4,C,13.0,8.0,13.5,14.0,37.3,,38.0,,D,B,,,
京都,9,自己条件,ダート,1800,稍重,3,カムアップローゼス,2歳,和田竜二,浜田多実,先行,100.0,100.0,中距離,右回り,ダ道悪,Lv3 ,476.0,休明3走,,9,D,12.5,2.0,12.5,2.0,37.2,8.0,37.4,5.0,C,C,B,,
京都,9,自己条件,ダート,1800,稍重,4,ボクマダネムイヨ,2歳,西村淳也,東田明士,先行,,100.0,中距離,右回り,ダ道悪,Lv3 ,490.0,,,3,C,13.7,15.0,13.7,15.0,40.4,,36.1,1.0,D,,,,
京都,9,自己条件,ダート,1800,稍重,5,タガノアバンドーネ,2歳,吉村誠之,角田晃一,逃げ,,100.0,中距離,右回り,ダ道悪,Lv3 ,480.0,休明2走,,7,D,12.8,3.0,13.2,9.0,38.0,,38.4,,D,D,,,
京都,9,自己条件,ダート,1800,稍重,6,ノースミソロジー,2歳,菱田裕二,岡田稲男,逃げ,,100.0,中距離,右回り,ダ道悪,Lv3 ,470.0,,,10,D,13.0,8.0,13.0,5.0,36.9,6.0,37.7,8.0,C,C,,,
京都,9,自己条件,ダート,1800,稍重,7,シュテフィ,2歳,田口貫太,牧田和弥,追込,,,中距離,右回り,ダ道悪,Lv3 ,446.0,休明3走,距離延長,11,D,12.8,3.0,13.0,5.0,36.2,3.0,36.6,2.0,C,B,C,,
京都,9,自己条件,ダート,1800,稍重,8,リピース,2歳,国分恭介,前川恭子,逃げ,,100.0,中距離,右回り,ダ道悪,Lv3 ,418.0,,距離延長,13,E,12.9,6.0,12.9,3.0,36.9,6.0,38.5,,C,D,C,,
京都,9,自己条件,ダート,1800,稍重,9,ワンダーディーン,2歳,鮫島克駿,高柳大輔,先行,,100.0,中距離,右回り,ダ道悪,Lv3 ,446.0,,,2,B,12.9,6.0,12.9,3.0,36.7,5.0,37.7,8.0,C,B,,,
京都,9,自己条件,ダート,1800,稍重,10,パイロマンサー,2歳,岩田望来,吉村圭司,逃げ,100.0,100.0,中距離,右回り,ダ道悪,Lv3 ,512.0,,,1,A,12.3,1.0,12.3,1.0,35.8,2.0,37.6,7.0,C,,,,
京都,9,自己条件,ダート,1800,稍重,11,ダンツシタン,2歳,太宰啓介,本田優,先行,,50.0,中距離,右回り,ダ道悪,Lv3 ,532.0,,,16,E,13.2,12.0,13.2,9.0,37.8,,38.0,,D,C,,,
京都,9,自己条件,ダート,1800,稍重,12,リヒトミューレ,2歳,小沢大仁,中村直也,先行,,100.0,中距離,右回り,ダ道悪,Lv3 ,500.0,,,14,E,12.8,3.0,13.3,11.0,38.2,,38.3,,D,C,C,C,
京都,9,自己条件,ダート,1800,稍重,13,セイントエルモズ,2歳,横山琉人,小島茂之,追込,,,中距離,右回り,ダ道悪,Lv3 ,540.0,,距離延長,15,E,13.7,15.0,13.7,15.0,37.2,8.0,37.0,3.0,D,,,,
京都,9,自己条件,ダート,1800,稍重,14,チャーリー,2歳,北村友一,国枝栄,先行,,50.0,中距離,右回り,ダ道悪,Lv3 ,514.0,休明初戦,距離延長,8,D,13.0,8.0,13.0,5.0,35.5,1.0,38.5,,C,D,,,
京都,9,自己条件,ダート,1800,稍重,15,サンダーヴィント,2歳,浜中俊,高木登,差し,,,中距離,右回り,ダ道悪,Lv3 ,448.0,,距離延長,6,D,13.3,13.0,13.3,11.0,36.2,3.0,37.2,4.0,D,B,,,
京都,9,自己条件,ダート,1800,稍重,16,シュガービスケッツ,2歳,松若風馬,東田明士,逃げ,,100.0,中距離,右回り,ダ道悪,Lv3 ,438.0,休明初戦,,5,C,13.3,13.0,13.3,11.0,39.3,,37.5,6.0,C,,,,
京都,10,自己条件,芝,3000,良,1,ギャンブルルーム,4歳,和田竜二,大久保龍,差し,50.0,,長距離,右回り,,Lv2 ,502.0,休明初戦,距離延長,8,D,12.7,5.0,13.5,3.0,35.7,1.0,34.1,6.0,C,C,A,A,D
京都,10,自己条件,芝,3000,良,2,ヴォランテ,5歳以上,吉村誠之,羽月友彦,差し,,,長距離,右回り,,Lv2 ,454.0,休明3走,距離延長,4,C,12.9,9.0,13.8,7.0,38.1,,33.1,2.0,D,C,C,C,B
京都,10,自己条件,芝,3000,良,3,タイセイフェリーク,5歳以上,松若風馬,田中克典,追込,50.0,,長距離,右回り,,Lv2 ,428.0,休明3走,距離延長,3,C,12.4,1.0,13.8,7.0,37.3,,32.7,1.0,C,B,C,D,B
京都,10,自己条件,芝,3000,良,4,ロードオールライト,4歳,岩田望来,中内田充,差し,100.0,,長距離,右回り,,Lv2 ,514.0,休明2走,距離延長,5,D,13.0,10.0,13.2,2.0,37.2,,33.9,5.0,B,C,C,B,D
京都,10,自己条件,芝,3000,良,5,アスターブジエ,5歳以上,古川吉洋,中竹和也,差し,50.0,0.0,長距離,右回り,,Lv2 ,474.0,休明2走,距離延長,6,D,13.1,12.0,14.6,11.0,38.0,,34.2,,B,D,B,D,C
京都,10,自己条件,芝,3000,良,6,ロードプレジール,5歳以上,高杉吏麒,佐藤悠太,追込,20.0,0.0,長距離,右回り,,Lv2 ,506.0,,距離延長,7,D,13.0,10.0,,,,,,,C,C,C,C,C
京都,10,自己条件,芝,3000,良,7,アーマルコライト,4歳,小沢大仁,寺島良,先行,,,長距離,右回り,,Lv2 ,528.0,休明2走,距離延長,13,E,12.8,6.0,13.7,6.0,36.6,4.0,36.9,,C,D,C,C,C
京都,10,自己条件,芝,3000,良,8,イケイケドンドン,5歳以上,杉原誠人,松山将樹,追込,,,長距離,右回り,,Lv2 ,472.0,休明2走,距離延長,11,E,12.6,4.0,13.5,3.0,36.4,3.0,34.7,,B,C,D,B,D
京都,10,自己条件,芝,3000,良,9,フルール,5歳以上,荻野極,上原佑紀,先行,33.33333333333333,33.33333333333333,長距離,右回り,,Lv2 ,492.0,休明3走,距離延長,2,C,12.5,3.0,14.0,9.0,36.8,5.0,34.9,,B,C,C,B,B
京都,10,自己条件,芝,3000,良,10,ウインエアフォルク,5歳以上,野中悠太,根本康広,追込,0.0,20.0,長距離,右回り,,Lv2 ,476.0,休明初戦,距離短縮,12,E,13.2,13.0,14.1,10.0,36.9,,35.6,,D,B,C,B,C
京都,10,自己条件,芝,3000,良,11,フェミナフォルテ,5歳以上,横山琉人,小島茂之,差し,0.0,,長距離,右回り,,Lv2 ,428.0,,距離延長,9,D,12.8,6.0,13.6,5.0,36.8,5.0,33.4,3.0,B,B,D,B,D
京都,10,自己条件,芝,3000,良,12,アルマーザアミール,4歳,亀田温心,斉藤崇史,先行,0.0,,長距離,右回り,,Lv2 ,502.0,休明3走,距離短縮,10,D,12.8,6.0,,,,,,,C,C,C,C,C
京都,10,自己条件,芝,3000,良,13,アクアヴァーナル,4歳,北村友一,四位洋文,先行,100.0,,長距離,右回り,,Lv2 ,470.0,休明初戦,距離延長,1,B,12.4,1.0,12.7,1.0,35.9,2.0,33.5,4.0,D,C,D,D,A
京都,11,OP,芝,1600,良,1,シングザットソング,5歳以上,斎藤新,高野友和,差し,40.0,22.22222222222222,短距離,右回り,,Lv3 ,448.0,休明初戦,距離短縮,9,D,12.3,6.0,13.0,9.0,35.5,,34.3,,B,B,C,B,B
京都,11,OP,芝,1600,良,2,ダイシンヤマト,5歳以上,和田竜二,戸田博文,差し,,61.11111111111112,短距離,右回り,,Lv3 ,502.0,,,4,C,12.5,12.0,12.8,3.0,35.4,,33.3,2.0,D,E,B,B,D
京都,11,OP,芝,1600,良,3,シンフォーエバー,3歳,松若風馬,森秀行,逃げ,,42.85714285714285,短距離,右回り,,Lv3 ,506.0,休明初戦,,6,D,12.2,2.0,12.8,3.0,33.8,1.0,33.6,6.0,D,B,C,,
京都,11,OP,芝,1600,良,4,バルサムノート,5歳以上,小沢大仁,高野友和,先行,33.33333333333333,40.0,短距離,右回り,,Lv3 ,520.0,,距離延長,14,E,12.2,2.0,12.2,1.0,33.8,1.0,33.7,,B,C,A,D,E
京都,11,OP,芝,1600,良,5,ニホンピロキーフ,5歳以上,田口貫太,大橋勇樹,先行,50.0,44.44444444444444,短距離,右回り,,Lv3 ,482.0,休明初戦,距離短縮,3,C,12.3,6.0,12.9,8.0,34.9,5.0,34.1,,C,B,B,C,C
京都,11,OP,芝,1600,良,6,ブエナオンダ,4歳,浜中俊,須貝尚介,差し,57.14285714285714,50.0,短距離,右回り,,Lv3 ,454.0,休明2走,,2,B,12.6,14.0,12.6,2.0,35.0,6.0,33.7,,D,D,C,C,A
京都,11,OP,芝,1600,良,7,ラインベック,5歳以上,杉原誠人,友道康夫,先行,50.0,37.5,短距離,右回り,,Lv3 ,498.0,休明3走,,8,D,12.2,2.0,13.2,12.0,35.7,,33.3,2.0,B,D,C,B,B
京都,11,OP,芝,1600,良,8,ラケマーダ,5歳以上,藤岡佑介,千田輝彦,差し,37.5,42.85714285714285,短距離,右回り,,Lv3 ,512.0,休明2走,,7,D,12.3,6.0,12.8,3.0,35.2,,33.4,5.0,B,D,E,E,C
京都,11,OP,芝,1600,良,9,タガノエルピーダ,4歳,北村友一,斉藤崇史,先行,75.0,50.0,短距離,右回り,,Lv3 ,480.0,休明2走,,5,D,12.5,12.0,12.8,3.0,35.4,,33.6,6.0,B,D,D,B,B
京都,11,OP,芝,1600,良,10,エアファンディタ,5歳以上,亀田温心,池添学,追込,50.0,47.368421052631575,短距離,右回り,,Lv3 ,452.0,休明2走,距離短縮,11,D,12.8,15.0,13.8,14.0,36.9,,33.3,2.0,C,D,C,C,E
京都,11,OP,芝,1600,良,11,ムーンプローブ,5歳以上,横山琉人,宮地貴稔,差し,0.0,33.33333333333333,短距離,右回り,,Lv3 ,486.0,,,13,E,12.2,2.0,13.0,9.0,34.6,4.0,33.6,6.0,B,B,B,C,D
京都,11,OP,芝,1600,良,12,メイショウシンタケ,5歳以上,高杉吏麒,千田輝彦,追込,0.0,10.526315789473683,短距離,右回り,,Lv3 ,488.0,休明初戦,,12,E,12.3,6.0,13.9,15.0,35.8,,33.2,1.0,B,E,B,D,D
京都,11,OP,芝,1600,良,13,ペイシャフラワー,5歳以上,永島まな,高橋康之,先行,16.666666666666664,50.0,短距離,右回り,,Lv3 ,480.0,休明2走,距離短縮,15,E,12.1,1.0,13.1,11.0,35.5,,34.0,,D,B,B,D,C
京都,11,OP,芝,1600,良,14,ダンツエラン,3歳,太宰啓介,本田優,差し,40.0,25.0,短距離,右回り,,Lv3 ,490.0,休明3走,距離延長,10,D,12.4,11.0,13.5,13.0,35.1,7.0,33.6,6.0,D,B,D,D,D
京都,11,OP,芝,1600,良,15,セオ,5歳以上,岩田望来,上村洋行,先行,66.66666666666666,55.55555555555556,短距離,右回り,,Lv3 ,486.0,休明初戦,距離短縮,1,B,12.3,6.0,12.8,3.0,34.3,3.0,34.3,,A,D,C,B,D
京都,12,自己条件,芝,1400,良,1,コールミーメイビー,4歳,井上敏樹,小崎憲,追込,0.0,,短距離,右回り,,Lv2 ,450.0,休明初戦,距離短縮,12,E,12.4,7.0,13.9,12.0,37.2,,35.5,,B,,,,
京都,12,自己条件,芝,1400,良,2,カリーシ,4歳,高杉吏麒,武井亮,差し,0.0,33.33333333333333,短距離,右回り,,Lv2 ,448.0,,距離延長,9,D,12.1,4.0,12.9,6.0,34.2,1.0,34.2,,D,D,B,C,C
京都,12,自己条件,芝,1400,良,3,マテンロウブラボー,4歳,吉村誠之,野中賢二,差し,,,短距離,右回り,,Lv2 ,502.0,休明2走,距離短縮,5,C,12.5,9.0,13.2,9.0,36.3,,33.8,5.0,B,C,D,B,D
京都,12,自己条件,芝,1400,良,4,ロンドボス,3歳,西塚洸二,藤原英昭,先行,0.0,,短距離,右回り,,Lv2 ,452.0,,距離短縮,2,B,12.8,11.0,12.9,6.0,35.5,,33.1,1.0,D,B,D,D,D
京都,12,自己条件,芝,1400,良,5,モズアンタレス,5歳以上,和田竜二,飯田祐史,先行,33.33333333333333,16.666666666666664,短距離,右回り,,Lv2 ,506.0,休明初戦,,10,D,12.2,5.0,12.7,4.0,34.8,4.0,34.5,,B,C,B,B,C
京都,12,自己条件,芝,1400,良,6,メイショウカイト,5歳以上,小沢大仁,荒川義之,差し,18.181818181818183,27.27272727272727,短距離,右回り,,Lv2 ,472.0,休明2走,距離短縮,6,D,11.9,1.0,13.1,8.0,36.1,,33.7,4.0,D,C,C,E,E
京都,12,自己条件,芝,1400,良,7,ホウオウサンデー,5歳以上,鮫島克駿,井上智史,追込,0.0,33.33333333333333,短距離,右回り,,Lv2 ,466.0,,,3,C,12.9,12.0,13.4,11.0,35.9,,33.4,2.0,C,B,C,D,C
京都,12,自己条件,芝,1400,良,8,ネーブルオレンジ,3歳,森田誠也,杉山佳明,逃げ,33.33333333333333,,短距離,右回り,,Lv2 ,470.0,休明2走,距離短縮,8,D,12.0,2.0,12.4,1.0,34.8,4.0,34.8,,D,D,C,C,C
京都,12,自己条件,芝,1400,良,9,カンシン,3歳,北村友一,西園翔太,差し,50.0,0.0,短距離,右回り,,Lv2 ,468.0,休明3走,距離延長,4,C,12.2,5.0,13.2,9.0,34.6,3.0,33.4,2.0,D,C,D,C,C
京都,12,自己条件,芝,1400,良,10,ハワイアンタイム,5歳以上,太宰啓介,昆貢,先行,,0.0,短距離,右回り,,Lv2 ,502.0,休明初戦,,11,E,12.4,7.0,12.4,1.0,34.5,2.0,36.3,,B,C,C,B,C
京都,12,自己条件,芝,1400,良,11,リチャードバローズ,4歳,岩田望来,上村洋行,先行,62.5,80.0,短距離,右回り,,Lv2 ,504.0,休明初戦,,1,B,12.6,10.0,12.8,5.0,35.5,,34.7,,D,C,D,D,C
京都,12,自己条件,芝,1400,良,12,リアライズ,5歳以上,角田大和,石橋守,先行,50.0,27.27272727272727,短距離,右回り,,Lv2 ,502.0,休明2走,,7,D,12.0,2.0,12.5,3.0,35.1,6.0,33.8,5.0,B,C,D,D,C
