場所,R,馬番,馬名,騎手名,騎手利益度_1,騎手利益度_2,騎手利益度_3,騎手利益度_4,騎手利益度_5,騎手利益度_6,騎手利益度,騎手利益度順位
札幌,1,1,シンゼンノト,遠藤汰月,,-7636.0,-6073.0,-7583.0,-3188.0,,-24480.0,12.0
札幌,1,2,イリスロッソ,古川奈穂,-1264.0,-1513.0,-49.0,273.0,-1472.0,,-4025.0,9.0
札幌,1,3,サンクレセント,丹内祐次,1214.0,697.0,54.0,-913.0,1778.0,,2830.0,1.0
札幌,1,4,サウンドエフォート,吉田隼人,-483.0,8.0,-2.0,-1870.0,-808.0,,-3155.0,8.0
札幌,1,5,ラストモーメント,大久保友,0.0,0.0,-141.0,-379.0,-253.0,,-773.0,6.0
札幌,1,6,ワイドウィンザー,小林美駒,1000.0,25.0,-196.0,-836.0,399.0,,392.0,3.0
札幌,1,7,リアルクウカイ,原田和真,-460.0,-4727.0,475.0,520.0,-1435.0,,-5627.0,10.0
札幌,1,8,グランモンターナ,古川吉洋,54.0,603.0,-1063.0,-44.0,516.0,,66.0,5.0
札幌,1,9,タイガーストリート,小沢大仁,0.0,-173.0,-1604.0,-6818.0,2344.0,,-6251.0,11.0
札幌,1,10,クラウスーラ,西村淳也,0.0,274.0,-597.0,424.0,138.0,,239.0,4.0
札幌,1,11,パンジャケリー,横山和生,278.0,-47.0,742.0,-264.0,1760.0,,2469.0,2.0
札幌,1,12,レジェンドヴァーサ,横山琉人,7.0,-1084.0,609.0,-759.0,27.0,,-1200.0,7.0
札幌,2,1,ラストシャイニー,松本大輝,-1204.0,94.0,-39.0,-2116.0,1294.0,,-1971.0,7.0
札幌,2,2,ビレッジルイーザ,小林美駒,1000.0,25.0,-196.0,1251.0,399.0,,2479.0,4.0
札幌,2,3,チカマヨルキーナ,横山琉人,7.0,-1084.0,609.0,1717.0,27.0,,1276.0,5.0
札幌,2,4,ハスカップジャム,長浜鴻緒,0.0,-226.0,786.0,1673.0,1497.0,,3730.0,3.0
札幌,2,5,ルージュボニート,丹内祐次,1214.0,697.0,54.0,2149.0,1778.0,,5892.0,2.0
札幌,2,6,プルーフリーディン,鮫島克駿,167.0,547.0,1757.0,2084.0,1916.0,,6471.0,1.0
札幌,2,7,サマースプラッシュ,古川奈穂,-1264.0,-1513.0,-49.0,-1439.0,-1472.0,,-5737.0,9.0
札幌,2,8,ルパピヨンブラン,西村淳也,0.0,274.0,-597.0,262.0,138.0,,77.0,6.0
札幌,2,9,スリーケイ,佐々木大,-746.0,-258.0,-1647.0,-2305.0,332.0,,-4624.0,8.0
札幌,2,10,ワイルドカグラ,河原田菜,,-2203.0,-1452.0,-1606.0,-4370.0,,-9631.0,10.0
札幌,3,1,ロンドンプライド,河原田菜,,-2203.0,-2758.0,-2431.0,-4370.0,,-11762.0,16.0
札幌,3,2,ランスオブラヴ,武豊　　,-466.0,-824.0,-2039.0,-1193.0,-2070.0,,-6592.0,14.0
札幌,3,3,サトノシュトローム,鮫島克駿,167.0,547.0,165.0,-467.0,1916.0,,2328.0,4.0
札幌,3,4,ロジスカヤ,長浜鴻緒,0.0,-226.0,1531.0,864.0,1497.0,,3666.0,2.0
札幌,3,5,ティンクルバレット,古川奈穂,-1264.0,-1513.0,-822.0,273.0,-1472.0,,-4798.0,13.0
札幌,3,6,モノノケ,和田陽希,1246.0,-541.0,-3525.0,1344.0,-1469.0,,-2945.0,11.0
札幌,3,7,フリーダムスタイル,横山和生,278.0,-47.0,295.0,-264.0,1760.0,,2022.0,5.0
札幌,3,8,ハルヒメ,小林美駒,1000.0,25.0,-155.0,-836.0,399.0,,433.0,9.0
札幌,3,9,ユナダイヤ,小沢大仁,0.0,-173.0,-2372.0,-6818.0,2344.0,,-7019.0,15.0
札幌,3,10,アンジュラフィーユ,舟山瑠泉,-45.0,-2686.0,2153.0,369.0,1447.0,,1238.0,8.0
札幌,3,11,メイショウテンジン,古川吉洋,54.0,603.0,1896.0,-44.0,516.0,,3025.0,3.0
札幌,3,12,メーテルリンク,横山琉人,7.0,-1084.0,-102.0,-759.0,27.0,,-1911.0,10.0
札幌,3,13,ムーンリットレイン,丹内祐次,1214.0,697.0,1654.0,-913.0,1778.0,,4430.0,1.0
札幌,3,14,モズヴイ,西村淳也,0.0,274.0,953.0,424.0,138.0,,1789.0,6.0
札幌,3,15,ガルフコースト,佐々木大,-746.0,-258.0,796.0,1158.0,332.0,,1282.0,7.0
札幌,3,16,クロノレガリス,吉田隼人,-483.0,8.0,-1074.0,-1870.0,-808.0,,-4227.0,12.0
札幌,4,1,タイセイルビー,小林美駒,1000.0,25.0,-196.0,1251.0,399.0,,2479.0,4.0
札幌,4,2,ケンブリッジ,桑村真明,,,,,,,,
札幌,4,3,タイガーゲイト,長浜鴻緒,0.0,-226.0,786.0,1673.0,1497.0,,3730.0,3.0
札幌,4,4,アンミックス,鮫島克駿,167.0,547.0,1757.0,2084.0,1916.0,,6471.0,1.0
札幌,4,5,メイショウタイザン,横山琉人,7.0,-1084.0,609.0,1717.0,27.0,,1276.0,7.0
札幌,4,6,ショウナンタヅナ,池添謙一,189.0,457.0,94.0,917.0,94.0,,1751.0,5.0
札幌,4,7,ロスニーニョス,古川吉洋,54.0,603.0,-1063.0,1159.0,516.0,,1269.0,8.0
札幌,4,8,クルビデンス,佐々木大,-746.0,-258.0,-1647.0,-2305.0,332.0,,-4624.0,9.0
札幌,4,9,シンエンドーツダ,原田和真,-460.0,-4727.0,475.0,-754.0,-1435.0,,-6901.0,10.0
札幌,4,10,セラサイト,舟山瑠泉,-45.0,-2686.0,-37.0,2613.0,1447.0,,1292.0,6.0
札幌,4,11,ホウオウショパン,丹内祐次,1214.0,697.0,54.0,2149.0,1778.0,,5892.0,2.0
札幌,5,1,ジャストワナフライ,舟山瑠泉,-45.0,290.0,2153.0,2613.0,1447.0,,6458.0,1.0
札幌,5,2,サトノフルーク,佐々木大,-746.0,79.0,796.0,-2305.0,332.0,,-1844.0,8.0
札幌,5,3,コスモトップ,西村淳也,0.0,298.0,953.0,262.0,138.0,,1651.0,7.0
札幌,5,4,リアライズセレスト,武豊　　,-466.0,-551.0,-2039.0,-958.0,-2070.0,,-6084.0,9.0
札幌,5,5,ローザベッラ,丹内祐次,1214.0,-2298.0,1654.0,2149.0,1778.0,,4497.0,4.0
札幌,5,6,レゾンフォルテ,横山和生,278.0,402.0,295.0,1042.0,1760.0,,3777.0,6.0
札幌,5,7,マイネルラビリンス,和田陽希,1246.0,-1420.0,-3525.0,-2889.0,-1469.0,,-8057.0,10.0
札幌,5,8,ミラマルニ,黛弘人　,776.0,323.0,137.0,1452.0,2261.0,,4949.0,3.0
札幌,5,9,ノヴァヴェローチェ,北村友一,483.0,310.0,571.0,667.0,1854.0,,3885.0,5.0
札幌,5,10,サンライズジャポネ,鮫島克駿,167.0,1138.0,165.0,2084.0,1916.0,,5470.0,2.0
札幌,6,1,デルマタカチホ,河原田菜,,-2203.0,-2758.0,-1606.0,-4370.0,,-10937.0,12.0
札幌,6,2,ミッキーテネシー,丹内祐次,1214.0,697.0,1654.0,2149.0,1778.0,,7492.0,1.0
札幌,6,3,カイユレ,長浜鴻緒,0.0,-226.0,1531.0,1673.0,1497.0,,4475.0,3.0
札幌,6,4,ダディーズソード,舟山瑠泉,-45.0,-2686.0,2153.0,2613.0,1447.0,,3482.0,4.0
札幌,6,5,ブリリアンブルーム,小林美駒,1000.0,25.0,-155.0,1251.0,399.0,,2520.0,7.0
札幌,6,6,サトノリアファル,横山和生,278.0,-47.0,295.0,1042.0,1760.0,,3328.0,5.0
札幌,6,7,スチョウプリンセス,松本大輝,-1204.0,94.0,-35.0,-2116.0,1294.0,,-1967.0,9.0
札幌,6,8,ゴコウコイコイ,鮫島克駿,167.0,547.0,165.0,2084.0,1916.0,,4879.0,2.0
札幌,6,9,ヘイジュード,浜中俊　,600.0,-27.0,1107.0,183.0,1127.0,,2990.0,6.0
札幌,6,10,スノーエルヴァ,古川奈穂,-1264.0,-1513.0,-822.0,-1439.0,-1472.0,,-6510.0,11.0
札幌,6,11,ジングアップ,佐々木大,-746.0,-258.0,796.0,-2305.0,332.0,,-2181.0,10.0
札幌,6,12,ロッサコメータ,西村淳也,0.0,274.0,953.0,262.0,138.0,,1627.0,8.0
札幌,7,1,キープライジング,岩田康誠,70.0,237.0,-51.0,-1436.0,386.0,,-794.0,5.0
札幌,7,2,ランドスター,小林美駒,1000.0,21.0,-196.0,-836.0,399.0,,388.0,4.0
札幌,7,3,レネネト,北村友一,483.0,-5.0,198.0,-253.0,1854.0,,2277.0,3.0
札幌,7,4,ロードヴァルカン,横山和生,278.0,6.0,742.0,-264.0,1760.0,,2522.0,2.0
札幌,7,5,ビタミンドロップ,丹内祐次,1214.0,2772.0,54.0,-913.0,1778.0,,4905.0,1.0
札幌,7,6,ナムラモモ,小沢大仁,0.0,-2172.0,-1604.0,-6818.0,2344.0,,-8250.0,6.0
札幌,7,7,ラムールデュヴォン,遠藤汰月,,-1706.0,-6073.0,-7583.0,-3188.0,,-18550.0,7.0
札幌,8,1,デイトナチャンプ,武豊　　,-466.0,-789.0,-2039.0,-1193.0,-2070.0,,-6557.0,10.0
札幌,8,2,ナハトナナレオン,佐々木大,-746.0,344.0,796.0,1158.0,332.0,,1884.0,4.0
札幌,8,3,メイショウハッケイ,和田陽希,1246.0,569.0,-3525.0,1344.0,-1469.0,,-1835.0,7.0
札幌,8,4,マジカルシャイン,古川奈穂,-1264.0,980.0,-822.0,273.0,-1472.0,,-2305.0,8.0
札幌,8,5,コスモレッド,池添謙一,189.0,36.0,301.0,-743.0,94.0,,-123.0,5.0
札幌,8,6,トップオンザヒル,小沢大仁,0.0,-2172.0,-2372.0,-6818.0,2344.0,,-9018.0,11.0
札幌,8,7,ルクスアドラー,舟山瑠泉,-45.0,3973.0,2153.0,369.0,1447.0,,7897.0,1.0
札幌,8,8,ダノンフィオーレ,北村友一,483.0,-5.0,571.0,-253.0,1854.0,,2650.0,3.0
札幌,8,9,サンウリエル,川又賢治,-695.0,-1353.0,-569.0,22.0,-2090.0,,-4685.0,9.0
札幌,8,10,クイーンズワーフ,河原田菜,,-2332.0,-2758.0,-2431.0,-4370.0,,-11891.0,12.0
札幌,8,11,フクシマコウヨウ,岩田康誠,70.0,237.0,36.0,-1436.0,386.0,,-707.0,6.0
札幌,8,12,トレヴィ,丹内祐次,1214.0,2772.0,1654.0,-913.0,1778.0,,6505.0,2.0
札幌,9,1,ルージュビバーチェ,鮫島克駿,167.0,-296.0,1757.0,2084.0,1916.0,,5628.0,1.0
札幌,9,2,サウンドルーチェ,河原田菜,,-2332.0,-1452.0,-1606.0,-4370.0,,-9760.0,8.0
札幌,9,3,ナムラハリス,古川吉洋,54.0,-139.0,-1063.0,1159.0,516.0,,527.0,3.0
札幌,9,4,マインセーラ,的場勇人,0.0,-2991.0,-1225.0,-255.0,-631.0,,-5102.0,7.0
札幌,9,5,マーゴットサンズ,西村淳也,0.0,-452.0,-597.0,262.0,138.0,,-649.0,5.0
札幌,9,6,カルミアクラウン,小沢大仁,0.0,-2172.0,-1604.0,1825.0,2344.0,,393.0,4.0
札幌,9,7,ヴェールミューズ,佐々木大,-746.0,344.0,-1647.0,-2305.0,332.0,,-4022.0,6.0
札幌,9,8,ラウニウ,横山和生,278.0,6.0,742.0,1042.0,1760.0,,3828.0,2.0
札幌,10,1,アルデトップガン,丹内祐次,1214.0,2772.0,1654.0,-913.0,1778.0,,6505.0,3.0
札幌,10,2,レイユール,長浜鴻緒,0.0,2830.0,1531.0,864.0,1497.0,,6722.0,2.0
札幌,10,3,シャイニースイフト,舟山瑠泉,-45.0,3973.0,2153.0,369.0,1447.0,,7897.0,1.0
札幌,10,4,ヴェナートル,黛弘人　,776.0,1221.0,137.0,-114.0,2261.0,,4281.0,4.0
札幌,10,5,マーゴットブロー,西村淳也,0.0,-452.0,953.0,424.0,138.0,,1063.0,7.0
札幌,10,6,ショウナンカリス,池添謙一,189.0,36.0,301.0,-743.0,94.0,,-123.0,9.0
札幌,10,7,ブラックルビー,北村友一,483.0,-5.0,571.0,-253.0,1854.0,,2650.0,5.0
札幌,10,8,ワタシマツワ,小林美駒,1000.0,21.0,-155.0,-836.0,399.0,,429.0,8.0
札幌,10,9,ジャズ,吉田隼人,-483.0,109.0,-1074.0,-1870.0,-808.0,,-4126.0,10.0
札幌,10,10,ヒズマスターピース,佐々木大,-746.0,344.0,796.0,1158.0,332.0,,1884.0,6.0
札幌,11,1,スピードリッチ,北村友一,483.0,-821.0,571.0,281.0,1854.0,,2368.0,3.0
札幌,11,2,ミラージュナイト,西村淳也,0.0,626.0,953.0,-127.0,138.0,,1590.0,6.0
札幌,11,3,レクスノヴァス,岩田康誠,70.0,664.0,36.0,-156.0,386.0,,1000.0,7.0
札幌,11,4,ギャンブルルーム,松本大輝,-1204.0,120.0,-35.0,1422.0,1294.0,,1597.0,5.0
札幌,11,5,コーチェラバレー,横山和生,278.0,363.0,295.0,130.0,1760.0,,2826.0,2.0
札幌,11,6,パトリックハンサム,小林美駒,1000.0,-473.0,-155.0,-1026.0,399.0,,-255.0,9.0
札幌,11,7,ブレイヴロッカー,池添謙一,189.0,-899.0,301.0,-4.0,94.0,,-319.0,11.0
札幌,11,8,レッドテリオス,武豊　　,-466.0,668.0,-2039.0,-154.0,-2070.0,,-4061.0,13.0
札幌,11,9,エコロレイズ,横山琉人,7.0,292.0,-102.0,-353.0,27.0,,-129.0,8.0
札幌,11,10,バルナバ,舟山瑠泉,-45.0,-473.0,2153.0,-1420.0,1447.0,,1662.0,4.0
札幌,11,11,アマキヒ,佐々木大,-746.0,-832.0,796.0,180.0,332.0,,-270.0,10.0
札幌,11,12,ラスカンブレス,丹内祐次,1214.0,-653.0,1654.0,334.0,1778.0,,4327.0,1.0
札幌,11,13,ホールネス,小沢大仁,0.0,-1958.0,-2372.0,500.0,2344.0,,-1486.0,12.0
札幌,12,1,クリスレジーナ,鮫島克駿,167.0,-296.0,165.0,2084.0,1916.0,,4036.0,3.0
札幌,12,2,ピティロディア,古川吉洋,54.0,-139.0,1896.0,1159.0,516.0,,3486.0,4.0
札幌,12,3,キセキノエンジェル,遠藤汰月,,-1706.0,-3767.0,-2147.0,-3188.0,,-10808.0,8.0
札幌,12,4,デルマジュテーム,的場勇人,0.0,-2991.0,-901.0,-255.0,-631.0,,-4778.0,7.0
札幌,12,5,カイシンパジェント,桑村真明,,,,,,,,
札幌,12,6,カージオイド,長浜鴻緒,0.0,2830.0,1531.0,1673.0,1497.0,,7531.0,2.0
札幌,12,7,フリーガー,西村淳也,0.0,-452.0,953.0,262.0,138.0,,901.0,6.0
札幌,12,8,デルシエロ,丹内祐次,1214.0,2772.0,1654.0,2149.0,1778.0,,9567.0,1.0
札幌,12,9,ドルチェリターン,横山和生,278.0,6.0,295.0,1042.0,1760.0,,3381.0,5.0
新潟,1,1,ドルチェテソーロ,木幡巧也,97.0,955.0,-640.0,875.0,1522.0,,2809.0,3.0
新潟,1,2,ハルガスミ,松岡正海,-44.0,178.0,1526.0,-1050.0,-2162.0,,-1552.0,9.0
新潟,1,3,マルガリート,杉原誠人,288.0,-309.0,1191.0,281.0,-165.0,,1286.0,6.0
新潟,1,4,ブラックミューズ,岩田望来,-19.0,293.0,2328.0,2117.0,-156.0,,4563.0,2.0
新潟,1,5,アテナブレイブ,横山典弘,-1.0,418.0,-945.0,-657.0,575.0,,-610.0,8.0
新潟,1,6,ワレモコウ,西塚洸二,220.0,1025.0,231.0,-1400.0,1305.0,,1381.0,5.0
新潟,1,7,リリカルフレア,戸崎圭太,-370.0,330.0,-179.0,-1200.0,-811.0,,-2230.0,10.0
新潟,1,8,タガノカハンカ,菊沢一樹,2185.0,2470.0,2406.0,3221.0,2007.0,,12289.0,1.0
新潟,1,9,ヴェールネージュ,上里直汰,1315.0,-504.0,-504.0,-2460.0,1999.0,,-154.0,7.0
新潟,1,10,パストザクラウン,今村聖奈,-95.0,-3016.0,-1967.0,-1340.0,-133.0,,-6551.0,11.0
新潟,1,11,マーズワース,大野拓弥,-391.0,-326.0,1117.0,1084.0,220.0,,1704.0,4.0
新潟,2,1,ミクニルミナス,斎藤新　,-575.0,-81.0,-2155.0,32.0,-403.0,,-3182.0,6.0
新潟,2,2,アウアリイ,菊沢一樹,2185.0,-412.0,2406.0,3221.0,2007.0,,9407.0,1.0
新潟,2,3,ダノンダックス,戸崎圭太,-370.0,-669.0,-179.0,-1200.0,-811.0,,-3229.0,7.0
新潟,2,4,マイネルヴェスペル,木幡巧也,97.0,-455.0,-640.0,875.0,1522.0,,1399.0,4.0
新潟,2,5,コスモティタノ,石神深道,-2911.0,799.0,-1860.0,-1347.0,-4452.0,,-9771.0,8.0
新潟,2,6,トウシンマジック,コレット,,,,,,,,
新潟,2,7,アルスラーン,嶋田純次,595.0,1055.0,1472.0,2130.0,2298.0,,7550.0,2.0
新潟,2,8,ソニックウェーブ,松岡正海,-44.0,150.0,1526.0,-1050.0,-2162.0,,-1580.0,5.0
新潟,2,9,ドミナートル,岩田望来,-19.0,663.0,2328.0,2117.0,-156.0,,4933.0,3.0
新潟,3,1,フェルアフリーゼ,西塚洸二,220.0,1025.0,-83.0,-1400.0,1305.0,224.0,1291.0,5.0
新潟,3,2,ラヴィングリー,菊沢一樹,2185.0,2470.0,1138.0,3221.0,2007.0,935.0,11956.0,1.0
新潟,3,3,スカット,佐藤翔馬,-1030.0,-19.0,-188.0,1683.0,-173.0,-1430.0,-1157.0,6.0
新潟,3,4,ツキノマバタキ,木幡巧也,97.0,955.0,473.0,875.0,1522.0,-1554.0,2368.0,3.0
新潟,3,5,ヘヴンズドライブ,石田拓郎,-251.0,997.0,-793.0,-926.0,-1082.0,433.0,-1622.0,8.0
新潟,3,6,キャルキュラス,戸崎圭太,-370.0,330.0,-1758.0,-1200.0,-811.0,-717.0,-4526.0,11.0
新潟,3,7,スピニンググローブ,コレット,,,,,,,,
新潟,3,8,ミスタートントン,石神深道,-2911.0,1780.0,-1543.0,-1347.0,-4452.0,2719.0,-5754.0,12.0
新潟,3,9,カセノソレイユ,木幡育也,-59.0,-736.0,-533.0,-272.0,-645.0,101.0,-2144.0,9.0
新潟,3,10,キタノシオン,木幡初也,-187.0,639.0,-950.0,-74.0,-1216.0,-966.0,-2754.0,10.0
新潟,3,11,ミエスタ,岩田望来,-19.0,293.0,-626.0,2117.0,-156.0,-90.0,1519.0,4.0
新潟,3,12,キタノソブリン,上里直汰,1315.0,-504.0,893.0,-2460.0,1999.0,1652.0,2895.0,2.0
新潟,3,13,ローズオブジャパン,松岡正海,-44.0,178.0,-2061.0,-1050.0,-2162.0,-787.0,-5926.0,13.0
新潟,3,14,カシノユメミヅキ,柴田大知,-370.0,-542.0,-1013.0,-1918.0,-2875.0,-528.0,-7246.0,14.0
新潟,3,15,ハンナパール,吉田豊　,-296.0,-619.0,212.0,-266.0,-93.0,-109.0,-1171.0,7.0
新潟,4,1,アドマイヤウルトラ,岩田望来,-19.0,293.0,2328.0,2117.0,-156.0,139.0,4702.0,2.0
新潟,4,2,シルフィー,横山典弘,-1.0,418.0,-945.0,-657.0,575.0,-325.0,-935.0,11.0
新潟,4,3,イーガービーバー,田口貫太,198.0,1764.0,55.0,3723.0,-1006.0,-515.0,4219.0,3.0
新潟,4,4,カムバックトゥミー,江田照男,-748.0,1307.0,569.0,-2749.0,-1847.0,464.0,-3004.0,15.0
新潟,4,5,カーヴドヴァン,西村太一,-91.0,-23.0,-1070.0,-281.0,-246.0,-552.0,-2263.0,14.0
新潟,4,6,スーパーハイウェイ,佐藤翔馬,-1030.0,-19.0,889.0,1683.0,-173.0,281.0,1631.0,6.0
新潟,4,7,バトルモクオ,松岡正海,-44.0,178.0,1526.0,-1050.0,-2162.0,685.0,-867.0,10.0
新潟,4,8,ルモンテ,大野拓弥,-391.0,-326.0,1117.0,1084.0,220.0,-349.0,1355.0,7.0
新潟,4,9,ピコペアシェイプ,石橋脩　,524.0,-106.0,-1154.0,1377.0,-311.0,-639.0,-309.0,8.0
新潟,4,10,サイモンナイスラン,木幡育也,-59.0,-736.0,460.0,-272.0,-645.0,195.0,-1057.0,12.0
新潟,4,11,ルシアージュ,西塚洸二,220.0,1025.0,231.0,-1400.0,1305.0,498.0,1879.0,5.0
新潟,4,12,キャリアビジョン,菊沢一樹,2185.0,2470.0,2406.0,3221.0,2007.0,1386.0,13675.0,1.0
新潟,4,13,デルマテイネ,野中悠太,-185.0,-350.0,-1165.0,-30.0,18.0,239.0,-1473.0,13.0
新潟,4,14,ココナッツコースト,戸崎圭太,-370.0,330.0,-179.0,-1200.0,-811.0,-1079.0,-3309.0,16.0
新潟,4,15,ジュリ,石田拓郎,-251.0,997.0,-799.0,-926.0,-1082.0,-1999.0,-4060.0,17.0
新潟,4,16,アースヴィンチ,丸山元気,583.0,760.0,620.0,1128.0,1123.0,-22.0,4192.0,4.0
新潟,4,17,ビーストウォーズ,上里直汰,1315.0,-504.0,-504.0,-2460.0,1999.0,-301.0,-455.0,9.0
新潟,4,18,クールチェンジ,コレット,,,,,,,,
新潟,5,1,コパノトーマス,柴田大知,-370.0,-1005.0,-1013.0,-1918.0,-2875.0,-528.0,-7709.0,15.0
新潟,5,2,カツノテンス,菊沢一樹,2185.0,-621.0,1138.0,3221.0,2007.0,935.0,8865.0,3.0
新潟,5,3,エテオクロス,石田拓郎,-251.0,-1123.0,-793.0,-926.0,-1082.0,433.0,-3742.0,11.0
新潟,5,4,スマイルディシー,小崎綾也,-101.0,569.0,388.0,-197.0,1060.0,-669.0,1050.0,6.0
新潟,5,5,ホウオウプレシャス,水沼元輝,-1047.0,-2446.0,-872.0,-1702.0,-1091.0,993.0,-6165.0,13.0
新潟,5,6,ムーンブランシュ,木幡巧也,97.0,-1476.0,473.0,875.0,1522.0,-1554.0,-63.0,7.0
新潟,5,7,ガンバレベアー,松若風馬,30.0,1065.0,2613.0,2696.0,1420.0,1610.0,9434.0,2.0
新潟,5,8,ラテラルパーム,岩田望来,-19.0,250.0,-626.0,2117.0,-156.0,-90.0,1476.0,5.0
新潟,5,9,サンシップ,杉原誠人,288.0,76.0,-1224.0,281.0,-165.0,462.0,-282.0,8.0
新潟,5,10,アンバサダネージュ,佐藤翔馬,-1030.0,650.0,-188.0,1683.0,-173.0,-1430.0,-488.0,9.0
新潟,5,11,ショコラキュイ,戸崎圭太,-370.0,-1243.0,-1758.0,-1200.0,-811.0,-717.0,-6099.0,12.0
新潟,5,12,キカオクベシ,野中悠太,-185.0,-855.0,-922.0,-30.0,18.0,-347.0,-2321.0,10.0
新潟,5,13,アースミューズ,松岡正海,-44.0,-909.0,-2061.0,-1050.0,-2162.0,-787.0,-7013.0,14.0
新潟,5,14,ショウナンタハティ,田口貫太,198.0,2988.0,3716.0,3723.0,-1006.0,537.0,10156.0,1.0
新潟,5,15,レインボーラッキー,小林脩斗,-106.0,882.0,738.0,253.0,-313.0,130.0,1584.0,4.0
新潟,6,1,モリノセピア,丸山元気,583.0,-867.0,717.0,1128.0,1123.0,702.0,3386.0,3.0
新潟,6,2,サマースイートピー,杉原誠人,288.0,76.0,-1224.0,281.0,-165.0,462.0,-282.0,8.0
新潟,6,3,カワキタマナレア,田辺裕信,17.0,716.0,-541.0,102.0,735.0,-654.0,375.0,6.0
新潟,6,4,フィーチャリング,菊沢一樹,2185.0,-621.0,1138.0,3221.0,2007.0,935.0,8865.0,1.0
新潟,6,5,マイネルラッシュ,木幡巧也,97.0,-1476.0,473.0,875.0,1522.0,-1554.0,-63.0,7.0
新潟,6,6,リッキースタイル,斎藤新　,-575.0,-1454.0,647.0,32.0,-403.0,339.0,-1414.0,10.0
新潟,6,7,ソウルオンファイア,岩田望来,-19.0,250.0,-626.0,2117.0,-156.0,-90.0,1476.0,4.0
新潟,6,8,ラヴオントップ,コレット,,,,,,,,
新潟,6,9,オカメノコイ,大野拓弥,-391.0,338.0,-724.0,1084.0,220.0,830.0,1357.0,5.0
新潟,6,10,ロッカバイベイビー,佐藤翔馬,-1030.0,650.0,-188.0,1683.0,-173.0,-1430.0,-488.0,9.0
新潟,6,11,レッドセニョール,嶋田純次,595.0,833.0,-84.0,2130.0,2298.0,656.0,6428.0,2.0
新潟,7,1,ファーヴェント,西塚洸二,220.0,86.0,231.0,-1400.0,1305.0,498.0,940.0,7.0
新潟,7,2,ジュタ,吉田豊　,-296.0,-60.0,-1035.0,-266.0,-93.0,269.0,-1481.0,9.0
新潟,7,3,アンパドゥ,岩田望来,-19.0,336.0,2328.0,2117.0,-156.0,139.0,4745.0,3.0
新潟,7,4,マテンロウスカイ,横山典弘,-1.0,178.0,-945.0,-657.0,575.0,-325.0,-1175.0,8.0
新潟,7,5,レディマリオン,今村聖奈,-95.0,-120.0,-1967.0,-1340.0,-133.0,-441.0,-4096.0,13.0
新潟,7,6,シリウスコルト,田辺裕信,17.0,-322.0,1091.0,102.0,735.0,322.0,1945.0,5.0
新潟,7,7,エルトンバローズ,コレット,,,,,,,,
新潟,7,8,ダノンセンチュリー,戸崎圭太,-370.0,49.0,-179.0,-1200.0,-811.0,-1079.0,-3590.0,12.0
新潟,7,9,サンダーストラック,丸山元気,583.0,-199.0,620.0,1128.0,1123.0,-22.0,3233.0,4.0
新潟,7,10,クランフォード,菊沢一樹,2185.0,-654.0,2406.0,3221.0,2007.0,1386.0,10551.0,1.0
新潟,7,11,ドロップオブライト,松若風馬,30.0,969.0,1215.0,2696.0,1420.0,-496.0,5834.0,2.0
新潟,7,12,ランスオブカオス,石川裕紀,-839.0,-325.0,69.0,-186.0,-1450.0,-300.0,-3031.0,10.0
新潟,7,13,ブエナオンダ,田口貫太,198.0,-1224.0,55.0,3723.0,-1006.0,-515.0,1231.0,6.0
新潟,7,14,メタルスピード,斎藤新　,-575.0,29.0,-2155.0,32.0,-403.0,-170.0,-3242.0,11.0
新潟,8,1,コンアフェット,斎藤新　,-575.0,-1454.0,647.0,-1369.0,-403.0,339.0,-2815.0,12.0
新潟,8,2,ステアハート,コレット,,,,,,,,
新潟,8,3,ヴァンアグレアブル,丸山元気,583.0,-867.0,717.0,537.0,1123.0,702.0,2795.0,5.0
新潟,8,4,ベルイストワール,杉原誠人,288.0,76.0,-1224.0,-501.0,-165.0,462.0,-1064.0,10.0
新潟,8,5,カーラデマドレ,戸崎圭太,-370.0,-1243.0,-1758.0,-779.0,-811.0,-717.0,-5678.0,14.0
新潟,8,6,パースウェイド,田辺裕信,17.0,716.0,-541.0,66.0,735.0,-654.0,339.0,8.0
新潟,8,7,ケイツーリーブル,菊沢一樹,2185.0,-621.0,1138.0,174.0,2007.0,935.0,5818.0,3.0
新潟,8,8,アンドリーナ,田口貫太,198.0,2988.0,3716.0,336.0,-1006.0,537.0,6769.0,2.0
新潟,8,9,レーヴドレフォン,今村聖奈,-95.0,-185.0,-1060.0,-1131.0,-133.0,-867.0,-3471.0,13.0
新潟,8,10,ヴァズレーヌ,小崎綾也,-101.0,569.0,388.0,1824.0,1060.0,-669.0,3071.0,4.0
新潟,8,11,パイシャオピン,横山典弘,-1.0,-805.0,969.0,603.0,575.0,447.0,1788.0,7.0
新潟,8,12,ルトゥール,松若風馬,30.0,1065.0,2613.0,1698.0,1420.0,1610.0,8436.0,1.0
新潟,8,13,スルーザナイト,石川裕紀,-839.0,547.0,102.0,106.0,-1450.0,-900.0,-2434.0,11.0
新潟,8,14,エターナルプロミス,大野拓弥,-391.0,338.0,-724.0,-604.0,220.0,830.0,-331.0,9.0
新潟,8,15,モモンウールー,西塚洸二,220.0,-681.0,-83.0,1608.0,1305.0,224.0,2593.0,6.0
新潟,9,1,ジュリアスローズ,大江原圭,-504.0,164.0,30.0,30.0,0.0,,-280.0,7.0
新潟,9,2,スマートフランキー,土田真翔,-515.0,62.0,208.0,126.0,-668.0,,-787.0,12.0
新潟,9,3,コトブキヘスペラス,金子光希,617.0,-14.0,737.0,737.0,,,2077.0,2.0
新潟,9,4,セイウンビッグバン,水沼元輝,-1047.0,1596.0,63.0,-115.0,-1091.0,,-594.0,10.0
新潟,9,5,キャネル,坂口智康,319.0,828.0,737.0,737.0,,,2621.0,1.0
新潟,9,6,グロッシェン,上野翔　,202.0,395.0,582.0,572.0,-158.0,,1593.0,4.0
新潟,9,7,フェスティヴビーム,難波剛健,423.0,640.0,400.0,399.0,-79.0,,1783.0,3.0
新潟,9,8,ノーブルクライ,五十嵐雄,80.0,50.0,155.0,155.0,0.0,,440.0,5.0
新潟,9,9,タイキエクセロン,井上敏樹,111.0,-824.0,-539.0,-551.0,-204.0,,-2007.0,13.0
新潟,9,10,ノブダブルホワイト,江田勇亮,-3.0,-375.0,-30.0,-30.0,0.0,,-438.0,8.0
新潟,9,11,バンデルオーラ,伴啓太　,166.0,-344.0,-303.0,-303.0,0.0,,-784.0,11.0
新潟,9,12,バラジ,小牧加矢,63.0,-176.0,-29.0,-29.0,,,-171.0,6.0
新潟,9,13,ニシノブレイゼスト,中村将之,-97.0,-411.0,-802.0,-802.0,0.0,,-2112.0,14.0
新潟,9,14,オーサムストローク,草野太郎,-113.0,-209.0,-81.0,-86.0,0.0,,-489.0,9.0
新潟,10,1,ショービット,水沼元輝,-1047.0,1596.0,-872.0,63.0,-1091.0,993.0,-358.0,4.0
新潟,10,2,ネクストドア,吉田豊　,-296.0,-619.0,212.0,-68.0,-93.0,-109.0,-973.0,7.0
新潟,10,3,ブルーリファール,石橋脩　,524.0,-106.0,1728.0,-641.0,-311.0,507.0,1701.0,2.0
新潟,10,4,パーシヴァル,石川裕紀,-839.0,-140.0,102.0,106.0,-1450.0,-900.0,-3121.0,11.0
新潟,10,5,ゴットタレント,杉原誠人,288.0,-309.0,-1224.0,-501.0,-165.0,462.0,-1449.0,10.0
新潟,10,6,マーゴットライズ,木幡巧也,97.0,955.0,473.0,-405.0,1522.0,-1554.0,1088.0,3.0
新潟,10,7,ロジキセキ,田口貫太,198.0,1764.0,3716.0,336.0,-1006.0,537.0,5545.0,1.0
新潟,10,8,エーデルクラフト,大野拓弥,-391.0,-326.0,-724.0,-604.0,220.0,830.0,-995.0,8.0
新潟,10,9,トップデュオ,岩田望来,-19.0,293.0,-626.0,-35.0,-156.0,-90.0,-633.0,6.0
新潟,10,10,カンフーヒーロー,野中悠太,-185.0,-350.0,-922.0,-2069.0,18.0,-347.0,-3855.0,12.0
新潟,10,11,エルアン,田辺裕信,17.0,-99.0,-541.0,66.0,735.0,-654.0,-476.0,5.0
新潟,10,12,トウシンライオット,石田拓郎,-251.0,997.0,-793.0,-322.0,-1082.0,433.0,-1018.0,9.0
新潟,10,13,パワポケウォーズ,佐藤翔馬,-1030.0,-19.0,-188.0,-2226.0,-173.0,-1430.0,-5066.0,13.0
新潟,10,14,コスモメイウェザー,柴田大知,-370.0,-542.0,-1013.0,-1015.0,-2875.0,-528.0,-6343.0,14.0
新潟,11,1,オレイア,水沼元輝,-1047.0,-2446.0,-703.0,-1702.0,-1091.0,-466.0,-7455.0,14.0
新潟,11,2,マーシャルアン,上里直汰,1315.0,721.0,-504.0,-2460.0,1999.0,-301.0,770.0,9.0
新潟,11,3,リアアーテシアン,岩田望来,-19.0,250.0,2328.0,2117.0,-156.0,139.0,4659.0,4.0
新潟,11,4,スカイダイバー,石田拓郎,-251.0,-1123.0,-799.0,-926.0,-1082.0,-1999.0,-6180.0,12.0
新潟,11,5,シャンクス,杉原誠人,288.0,76.0,1191.0,281.0,-165.0,358.0,2029.0,8.0
新潟,11,6,ラブソング,菊沢一樹,2185.0,-621.0,2406.0,3221.0,2007.0,1386.0,10584.0,1.0
新潟,11,7,ハッピーダンシング,石神深道,-2911.0,-5337.0,-1860.0,-1347.0,-4452.0,117.0,-15790.0,15.0
新潟,11,8,ホウオウガイア,田口貫太,198.0,2988.0,55.0,3723.0,-1006.0,-515.0,5443.0,3.0
新潟,11,9,コウジハラ,木幡初也,-187.0,-981.0,226.0,-74.0,-1216.0,63.0,-2169.0,10.0
新潟,11,10,ミエノブラボー,丸田恭介,209.0,1062.0,52.0,1602.0,-530.0,-114.0,2281.0,7.0
新潟,11,11,テンペストヒロイン,佐藤翔馬,-1030.0,650.0,889.0,1683.0,-173.0,281.0,2300.0,6.0
新潟,11,12,ヨドノティアラ,嶋田純次,595.0,833.0,1472.0,2130.0,2298.0,779.0,8107.0,2.0
新潟,11,13,パレスドフィーヌ,丸山元気,583.0,-867.0,620.0,1128.0,1123.0,-22.0,2565.0,5.0
新潟,11,14,ブラックティンカー,江田照男,-748.0,-2222.0,569.0,-2749.0,-1847.0,464.0,-6533.0,13.0
新潟,11,15,ルブリアン,今村聖奈,-95.0,-185.0,-1967.0,-1340.0,-133.0,-441.0,-4161.0,11.0
新潟,12,1,コールリッジ,松若風馬,30.0,1431.0,1215.0,1698.0,1420.0,-496.0,5298.0,2.0
新潟,12,2,ミナヅキ,石橋脩　,524.0,-106.0,-1154.0,-641.0,-311.0,-639.0,-2327.0,10.0
新潟,12,3,ピコブロッサム,石田拓郎,-251.0,997.0,-799.0,-322.0,-1082.0,-1999.0,-3456.0,12.0
新潟,12,4,シルバープレミア,上里直汰,1315.0,-504.0,-504.0,2851.0,1999.0,-301.0,4856.0,3.0
新潟,12,5,ミサダメキメル,江田照男,-748.0,1307.0,569.0,-249.0,-1847.0,464.0,-504.0,8.0
新潟,12,6,フォーエバーラブ,田口貫太,198.0,1764.0,55.0,336.0,-1006.0,-515.0,832.0,7.0
新潟,12,7,ハナコトバ,今村聖奈,-95.0,-3016.0,-1967.0,-1131.0,-133.0,-441.0,-6783.0,14.0
新潟,12,8,ダゴベルト,木幡巧也,97.0,955.0,-640.0,-405.0,1522.0,-24.0,1505.0,6.0
新潟,12,9,チャチャット,丸田恭介,209.0,-192.0,52.0,-780.0,-530.0,-114.0,-1355.0,9.0
新潟,12,10,アロハオエ,嶋田純次,595.0,-336.0,1472.0,-605.0,2298.0,779.0,4203.0,4.0
新潟,12,11,レスター,菊沢一樹,2185.0,2470.0,2406.0,174.0,2007.0,1386.0,10628.0,1.0
新潟,12,12,ヴォンサクレ,田辺裕信,17.0,-99.0,1091.0,66.0,735.0,322.0,2132.0,5.0
新潟,12,13,ファランギーナ,戸崎圭太,-370.0,330.0,-179.0,-779.0,-811.0,-1079.0,-2888.0,11.0
新潟,12,14,エラガバリウム,石神深道,-2911.0,1780.0,-1860.0,-1678.0,-4452.0,117.0,-9004.0,15.0
新潟,12,15,クライングナウ,斎藤新　,-575.0,401.0,-2155.0,-1369.0,-403.0,-170.0,-4271.0,13.0
中京,1,1,メアグローリア,川田将雅,494.0,-270.0,329.0,-46.0,798.0,,1305.0,2.0
中京,1,2,クールタロウ,富田暁　,574.0,170.0,-689.0,-695.0,-97.0,,-737.0,4.0
中京,1,3,ララララブソング,加藤祥太,-85.0,541.0,-469.0,308.0,89.0,,384.0,3.0
中京,1,4,コパノキャンペーン,柴田裕一,-819.0,-2761.0,-2851.0,948.0,120.0,,-5363.0,7.0
中京,1,5,ディーエスシン,菱田裕二,-2113.0,-589.0,-2088.0,-934.0,-840.0,,-6564.0,9.0
中京,1,6,ルースソラール,松山弘平,-483.0,-1217.0,-2816.0,-968.0,-303.0,,-5787.0,8.0
中京,1,7,スピーディスピン,田山旺佑,416.0,-86.0,-1168.0,4655.0,214.0,,4031.0,1.0
中京,1,8,サンタンジェロ,横山武史,104.0,-365.0,-119.0,-1275.0,-2164.0,,-3819.0,6.0
中京,1,9,ヴェルヴィエ,吉村誠之,-584.0,695.0,-1276.0,-1118.0,-578.0,,-2861.0,5.0
中京,2,1,レッドタイラント,川田将雅,494.0,-516.0,329.0,844.0,798.0,,1949.0,1.0
中京,2,2,ダノンチャンピオン,横山武史,104.0,505.0,-119.0,-1532.0,-2164.0,,-3206.0,5.0
中京,2,3,ルナパッショーネ,坂井瑠星,857.0,-723.0,-634.0,-66.0,884.0,,318.0,3.0
中京,2,4,テーオーカメリア,藤懸貴志,-1184.0,-385.0,152.0,592.0,-219.0,,-1044.0,4.0
中京,2,5,オーバーシュタイン,松山弘平,-483.0,-154.0,-2816.0,-342.0,-303.0,,-4098.0,6.0
中京,2,6,セーニョレガーレ,団野大成,-250.0,-762.0,-285.0,1942.0,1175.0,,1820.0,2.0
中京,3,1,ソニックブーム,吉村誠之,-584.0,695.0,-1276.0,-2477.0,-578.0,,-4220.0,6.0
中京,3,2,テーオーシュテルン,永島まな,-2091.0,-2841.0,-3389.0,-4103.0,-2458.0,,-14882.0,10.0
中京,3,3,タイセイグローバル,角田大和,1789.0,-372.0,1313.0,1507.0,1707.0,,5944.0,2.0
中京,3,4,リアライズパリオ,田山旺佑,416.0,-86.0,-1168.0,-1426.0,214.0,,-2050.0,5.0
中京,3,5,ストラドーネ,柴田裕一,-819.0,-2761.0,-2851.0,-4275.0,120.0,,-10586.0,9.0
中京,3,6,ダノンミッドナイト,川田将雅,494.0,-270.0,329.0,844.0,798.0,,2195.0,4.0
中京,3,7,ダノンオブアイデア,松山弘平,-483.0,-1217.0,-2816.0,-342.0,-303.0,,-5161.0,8.0
中京,3,8,ナムラヴンダー,幸英明　,-254.0,-1206.0,-1683.0,-485.0,-740.0,,-4368.0,7.0
中京,3,9,オープンザパンドラ,Ｍ．デム,566.0,903.0,902.0,967.0,524.0,,3862.0,3.0
中京,3,10,ヴィスメンティス,荻野極　,559.0,796.0,2157.0,-316.0,2875.0,,6071.0,1.0
中京,4,1,アイランド,吉村誠之,-584.0,695.0,-3130.0,-2477.0,-578.0,,-6074.0,11.0
中京,4,2,ディープシャロー,太宰啓介,254.0,-969.0,750.0,820.0,551.0,,1406.0,6.0
中京,4,3,シギーコルエンド,幸英明　,-254.0,-1206.0,-661.0,-485.0,-740.0,,-3346.0,10.0
中京,4,4,クリコバロー,酒井学　,-960.0,-2118.0,-660.0,-1806.0,-698.0,,-6242.0,12.0
中京,4,5,ラスカルキッド,柴田裕一,-819.0,-2761.0,-1013.0,-4275.0,120.0,,-8748.0,15.0
中京,4,6,グランシャン,菱田裕二,-2113.0,-589.0,1730.0,-138.0,-840.0,,-1950.0,9.0
中京,4,7,マジックハンド,Ｍ．デム,566.0,903.0,582.0,967.0,524.0,,3542.0,5.0
中京,4,8,カツラコマチ,国分恭介,694.0,1476.0,1862.0,1934.0,1078.0,,7044.0,1.0
中京,4,9,タイセイゼスティ,横山武史,104.0,-365.0,-2781.0,-1532.0,-2164.0,,-6738.0,13.0
中京,4,10,ウォーブレイク,国分優作,-2311.0,-959.0,-561.0,-1146.0,-2329.0,,-7306.0,14.0
中京,4,11,エアアルチーナ,松山弘平,-483.0,-1217.0,816.0,-342.0,-303.0,,-1529.0,8.0
中京,4,12,トラッドロア,富田暁　,574.0,170.0,47.0,-150.0,-97.0,,544.0,7.0
中京,4,13,マテンロウアワー,坂井瑠星,857.0,1130.0,1239.0,-66.0,884.0,,4044.0,4.0
中京,4,14,マーチンゲール,団野大成,-250.0,-810.0,3031.0,1942.0,1175.0,,5088.0,3.0
中京,4,15,ウィスピア,角田大和,1789.0,-372.0,1303.0,1507.0,1707.0,,5934.0,2.0
中京,5,1,ジョーカー,幸英明　,-254.0,-1206.0,-661.0,-2216.0,-740.0,,-5077.0,14.0
中京,5,2,キャリアハイ,亀田温心,-610.0,-746.0,-1408.0,177.0,-1391.0,,-3978.0,11.0
中京,5,3,メイショウドキョウ,富田暁　,574.0,170.0,47.0,-695.0,-97.0,,-1.0,7.0
中京,5,4,パピプペピンク,酒井学　,-960.0,-2118.0,-660.0,-438.0,-698.0,,-4874.0,13.0
中京,5,5,クライナリーゼ,永島まな,-2091.0,-2841.0,-3116.0,-2446.0,-2458.0,,-12952.0,16.0
中京,5,6,ペプチドレオン,横山武史,104.0,-365.0,-2781.0,-1275.0,-2164.0,,-6481.0,15.0
中京,5,7,メイショウケンゴウ,太宰啓介,254.0,-969.0,750.0,-9.0,551.0,,577.0,6.0
中京,5,8,ジャズホリック,森田誠也,-420.0,-924.0,2818.0,524.0,-265.0,,1733.0,5.0
中京,5,9,ショウナンタマユラ,田山旺佑,416.0,-86.0,3164.0,4655.0,214.0,,8363.0,2.0
中京,5,10,ヴォメロ,荻野極　,559.0,796.0,1668.0,4139.0,2875.0,,10037.0,1.0
中京,5,11,タイセイドゥマーニ,高倉稜　,-152.0,-341.0,44.0,-490.0,-233.0,,-1172.0,8.0
中京,5,12,ワトルツリー,角田大和,1789.0,-372.0,1303.0,1310.0,1707.0,,5737.0,3.0
中京,5,13,ハッピーチャンス,菱田裕二,-2113.0,-589.0,1730.0,-934.0,-840.0,,-2746.0,9.0
中京,5,14,セッシュウ,団野大成,-250.0,-810.0,3031.0,677.0,1175.0,,3823.0,4.0
中京,5,15,ペプチドアロン,吉村誠之,-584.0,695.0,-3130.0,-1118.0,-578.0,,-4715.0,12.0
中京,5,16,サンライズジョー,川須栄彦,-113.0,-734.0,-1378.0,-1329.0,-198.0,,-3752.0,10.0
中京,6,1,サヴォアフェール,松山弘平,-483.0,-1104.0,-2816.0,-342.0,-303.0,,-5048.0,7.0
中京,6,2,レッドラージャ,坂井瑠星,857.0,221.0,-634.0,-66.0,884.0,,1262.0,3.0
中京,6,3,ツーエムクロノス,酒井学　,-960.0,893.0,-1013.0,-1806.0,-698.0,,-3584.0,5.0
中京,6,4,ハッピーダンチャン,国分優作,-2311.0,-635.0,-756.0,-1146.0,-2329.0,,-7177.0,9.0
中京,6,5,ホウオウタイタン,横山武史,104.0,-2194.0,-119.0,-1532.0,-2164.0,,-5905.0,8.0
中京,6,6,マディソンガール,川田将雅,494.0,1157.0,329.0,844.0,798.0,,3622.0,1.0
中京,6,7,コンフェルマ,幸英明　,-254.0,-1006.0,-1683.0,-485.0,-740.0,,-4168.0,6.0
中京,6,8,オデット,田山旺佑,416.0,1821.0,-1168.0,-1426.0,214.0,,-143.0,4.0
中京,6,9,コリカンチャ,吉村誠之,-584.0,-2696.0,-1276.0,-2477.0,-578.0,,-7611.0,10.0
中京,6,10,エアビッグマム,Ｍ．デム,566.0,425.0,902.0,967.0,524.0,,3384.0,2.0
中京,7,1,ノーブルロジャー,吉村誠之,-584.0,1102.0,-3130.0,-1118.0,-578.0,,-4308.0,12.0
中京,7,2,ジュンウィンダム,国分優作,-2311.0,34.0,-561.0,320.0,-2329.0,,-4847.0,13.0
中京,7,3,ハッピーマン,幸英明　,-254.0,325.0,-661.0,-2216.0,-740.0,,-3546.0,11.0
中京,7,4,モンドプリューム,武藤雅　,-547.0,-157.0,694.0,-555.0,-1793.0,,-2358.0,9.0
中京,7,5,ドンインザムード,荻野極　,559.0,-80.0,1668.0,4139.0,2875.0,,9161.0,1.0
中京,7,6,ケイアイドリー,藤懸貴志,-1184.0,-565.0,216.0,-632.0,-219.0,,-2384.0,10.0
中京,7,7,ダノンフィーゴ,川田将雅,494.0,258.0,161.0,-46.0,798.0,,1665.0,5.0
中京,7,8,ベルジュロネット,Ｍ．デム,566.0,-89.0,582.0,615.0,524.0,,2198.0,4.0
中京,7,9,インユアパレス,横山武史,104.0,410.0,-2781.0,-1275.0,-2164.0,,-5706.0,14.0
中京,7,10,トリリオンボーイ,中井裕二,342.0,-79.0,456.0,397.0,549.0,,1665.0,5.0
中京,7,11,メイショウハチロー,団野大成,-250.0,404.0,3031.0,677.0,1175.0,,5037.0,2.0
中京,7,12,バトルクライ,原優介　,2.0,87.0,-351.0,-1496.0,-369.0,,-2127.0,8.0
中京,7,13,ドラゴンテイラー,坂井瑠星,857.0,24.0,1239.0,691.0,884.0,,3695.0,3.0
中京,7,14,マテンロウコマンド,松山弘平,-483.0,-89.0,816.0,-968.0,-303.0,,-1027.0,7.0
中京,8,1,ジェシーテソーロ,幸英明　,-254.0,-1006.0,-661.0,-485.0,-740.0,,-3146.0,10.0
中京,8,2,ダンツシタン,太宰啓介,254.0,1018.0,750.0,820.0,551.0,,3393.0,4.0
中京,8,3,アイブリンク,松山弘平,-483.0,-1104.0,816.0,-342.0,-303.0,,-1416.0,9.0
中京,8,4,ジョータルマエ,鮫島良太,240.0,616.0,1244.0,984.0,-91.0,,2993.0,6.0
中京,8,5,ユウトザユウト,坂井瑠星,857.0,221.0,1239.0,-66.0,884.0,,3135.0,5.0
中京,8,6,ナチュラルリバー,富田暁　,574.0,-737.0,47.0,-150.0,-97.0,,-363.0,8.0
中京,8,7,ハギノコラソン,荻野極　,559.0,1728.0,1668.0,-316.0,2875.0,,6514.0,3.0
中京,8,8,マハートマーベル,吉村誠之,-584.0,-2696.0,-3130.0,-2477.0,-578.0,,-9465.0,12.0
中京,8,9,テイエムパイロット,柴田裕一,-819.0,-559.0,-1013.0,-4275.0,120.0,,-6546.0,11.0
中京,8,10,ノボリクレバー,団野大成,-250.0,3623.0,3031.0,1942.0,1175.0,,9521.0,1.0
中京,8,11,キングオブフジ,中井裕二,342.0,406.0,456.0,-853.0,549.0,,900.0,7.0
中京,8,12,メイショウジェンマ,角田大和,1789.0,2104.0,1303.0,1507.0,1707.0,,8410.0,2.0
中京,9,1,ナルキッソス,酒井学　,-960.0,893.0,-1013.0,-438.0,-698.0,,-2216.0,9.0
中京,9,2,チリーゴールド,菱田裕二,-2113.0,207.0,-2088.0,-934.0,-840.0,,-5768.0,12.0
中京,9,3,フルールジェンヌ,永島まな,-2091.0,-1940.0,-3389.0,-2446.0,-2458.0,,-12324.0,14.0
中京,9,4,ルージュバロン,横山武史,104.0,-2194.0,-119.0,-1275.0,-2164.0,,-5648.0,10.0
中京,9,5,リアライズブラーヴ,泉谷楓真,41.0,689.0,525.0,147.0,-275.0,,1127.0,7.0
中京,9,6,スウィッチインラヴ,坂井瑠星,857.0,221.0,-634.0,691.0,884.0,,2019.0,6.0
中京,9,7,ベルフラム,角田大和,1789.0,2104.0,1313.0,1310.0,1707.0,,8223.0,1.0
中京,9,8,メイクワンズデイ,松山弘平,-483.0,-1104.0,-2816.0,-968.0,-303.0,,-5674.0,11.0
中京,9,9,ルクスノア,藤懸貴志,-1184.0,140.0,152.0,-632.0,-219.0,,-1743.0,8.0
中京,9,10,ペアレンツギフト,川田将雅,494.0,1157.0,329.0,-46.0,798.0,,2732.0,5.0
中京,9,11,テルヴィセクス,団野大成,-250.0,3623.0,-285.0,677.0,1175.0,,4940.0,3.0
中京,9,12,ダノンフェルゼン,吉村誠之,-584.0,-2696.0,-1276.0,-1118.0,-578.0,,-6252.0,13.0
中京,9,13,ゴージャス,田山旺佑,416.0,1821.0,-1168.0,4655.0,214.0,,5938.0,2.0
中京,9,14,インターポーザー,Ｍ．デム,566.0,425.0,902.0,615.0,524.0,,3032.0,4.0
中京,10,1,イーサンハンター,城戸義政,267.0,134.0,363.0,-951.0,441.0,,254.0,7.0
中京,10,2,ラブインアクション,酒井学　,-960.0,893.0,-660.0,-438.0,-698.0,,-1863.0,9.0
中京,10,3,ハードシングス,Ｍ．デム,566.0,425.0,582.0,615.0,524.0,,2712.0,5.0
中京,10,4,ワイルドブッター,角田大和,1789.0,2104.0,1303.0,1310.0,1707.0,,8213.0,3.0
中京,10,5,ダディーズグーグー,川端海翼,1003.0,1893.0,79.0,-9.0,1206.0,,4172.0,4.0
中京,10,6,ザングウィル,原優介　,2.0,103.0,-351.0,-1496.0,-369.0,,-2111.0,12.0
中京,10,7,シャープインサイト,菱田裕二,-2113.0,207.0,1730.0,-934.0,-840.0,,-1950.0,10.0
中京,10,8,フロンティエール,川須栄彦,-113.0,-1005.0,-1378.0,-1329.0,-198.0,,-4023.0,13.0
中京,10,9,エシェックオロワ,高倉稜　,-152.0,739.0,44.0,-490.0,-233.0,,-92.0,8.0
中京,10,10,ポッドリプル,荻野極　,559.0,1728.0,1668.0,4139.0,2875.0,,10969.0,1.0
中京,10,11,アーガイルショア,横山武史,104.0,-2194.0,-2781.0,-1275.0,-2164.0,,-8310.0,16.0
中京,10,12,モンスエ,田山旺佑,416.0,1821.0,3164.0,4655.0,214.0,,10270.0,2.0
中京,10,13,レイム,秋山稔樹,699.0,484.0,-384.0,574.0,452.0,,1825.0,6.0
中京,10,14,ラトラース,吉村誠之,-584.0,-2696.0,-3130.0,-1118.0,-578.0,,-8106.0,15.0
中京,10,15,マイティキングダム,松山弘平,-483.0,-1104.0,816.0,-968.0,-303.0,,-2042.0,11.0
中京,10,16,キーンセンス,幸英明　,-254.0,-1006.0,-661.0,-2216.0,-740.0,,-4877.0,14.0
中京,11,1,ペイシャシス,酒井学　,-960.0,893.0,-1013.0,-438.0,-698.0,,-2216.0,9.0
中京,11,2,カラペルソナ,横山武史,104.0,-2194.0,-119.0,-1275.0,-2164.0,,-5648.0,11.0
中京,11,3,エンヴェロップ,吉村誠之,-584.0,-2696.0,-1276.0,-1118.0,-578.0,,-6252.0,15.0
中京,11,4,ペプチドブッドレア,団野大成,-250.0,3623.0,-285.0,677.0,1175.0,,4940.0,4.0
中京,11,5,オリーボーレン,Ｍ．デム,566.0,425.0,902.0,615.0,524.0,,3032.0,5.0
中京,11,6,カモメガトンダ,荻野極　,559.0,1728.0,2157.0,4139.0,2875.0,,11458.0,1.0
中京,11,7,ラガークイン,菱田裕二,-2113.0,207.0,-2088.0,-934.0,-840.0,,-5768.0,13.0
中京,11,8,エイズルブルーム,原優介　,2.0,103.0,-2587.0,-1496.0,-369.0,,-4347.0,10.0
中京,11,9,ロケベンドラ,坂井瑠星,857.0,221.0,-634.0,691.0,884.0,,2019.0,7.0
中京,11,10,ウォーターエルピス,幸英明　,-254.0,-1006.0,-1683.0,-2216.0,-740.0,,-5899.0,14.0
中京,11,11,バースデイフライト,田山旺佑,416.0,1821.0,-1168.0,4655.0,214.0,,5938.0,3.0
中京,11,12,ポペット,永島まな,-2091.0,-1940.0,-3389.0,-2446.0,-2458.0,,-12324.0,16.0
中京,11,13,シャンパンライフ,松山弘平,-483.0,-1104.0,-2816.0,-968.0,-303.0,,-5674.0,12.0
中京,11,14,リトルスカーレット,川端海翼,1003.0,1893.0,-1300.0,-9.0,1206.0,,2793.0,6.0
中京,11,15,マルモア,角田大和,1789.0,2104.0,1313.0,1310.0,1707.0,,8223.0,2.0
中京,11,16,ウォーターエアリー,亀田温心,-610.0,-67.0,678.0,177.0,-1391.0,,-1213.0,8.0
中京,12,1,ルージュルガーノ,秋山稔樹,699.0,379.0,1271.0,574.0,452.0,,3375.0,5.0
中京,12,2,ベルセクレト,田山旺佑,416.0,-86.0,-1168.0,4655.0,214.0,,4031.0,4.0
中京,12,3,コースタルロード,横山武史,104.0,-365.0,-119.0,-1275.0,-2164.0,,-3819.0,12.0
中京,12,4,メイショウジーニー,柴田裕一,-819.0,-2761.0,-2851.0,948.0,120.0,,-5363.0,13.0
中京,12,5,ダノンステート,角田大和,1789.0,-372.0,1313.0,1310.0,1707.0,,5747.0,3.0
中京,12,6,アンリミテッド,原優介　,2.0,-2246.0,-2587.0,-1496.0,-369.0,,-6696.0,15.0
中京,12,7,チュウワメロディー,松山弘平,-483.0,-1217.0,-2816.0,-968.0,-303.0,,-5787.0,14.0
中京,12,8,ステキサプライズ,国分恭介,694.0,1476.0,2847.0,2888.0,1078.0,,8983.0,2.0
中京,12,9,メイケイシャイン,高倉稜　,-152.0,-341.0,-8.0,-490.0,-233.0,,-1224.0,9.0
中京,12,10,ピンクパンサー,吉村誠之,-584.0,695.0,-1276.0,-1118.0,-578.0,,-2861.0,11.0
中京,12,11,テーオーエリーナ,森田誠也,-420.0,-924.0,126.0,524.0,-265.0,,-959.0,8.0
中京,12,12,ファーストアタック,荻野極　,559.0,796.0,2157.0,4139.0,2875.0,,10526.0,1.0
中京,12,13,アリディプラチノ,川端海翼,1003.0,-3291.0,-1300.0,-9.0,1206.0,,-2391.0,10.0
中京,12,14,グランブリーゼ,加藤祥太,-85.0,541.0,-469.0,308.0,89.0,,384.0,7.0
中京,12,15,ウイングサンライズ,坂井瑠星,857.0,1130.0,-634.0,691.0,884.0,,2928.0,6.0
